INSERT INTO customer VALUES ("0211071907", "Bobo","4 Norwood Place, Johnsonville, Wellington","xuanshenbo@hotmail.com");
INSERT INTO vehicle VALUES ("AFK240", "Toyota", "Levin", "0211071907", "2014-10-24");
INSERT INTO tyre (size_, brand, retail_price, cost)  VALUES ("175/40 R17", "GREEN_MAX", 120.00, 80.00);
INSERT INTO invoice (date_in, tel, name, rego, money_in) VALUES ("2014-07-02", "0211071907", "Bobo", "AFK240", 280.30);

INSERT INTO customer VALUES ("02188888", "Sxo","4 Krd Place, Johnsonville, Wellington", "sfsfg@hotmail.com");
INSERT INTO vehicle VALUES ("GWC520","Honda", "Levin", "021568631", "2015-01-20");
INSERT INTO tyre (size_, brand, retail_price, cost) VALUES ("175/40 R15", "LINGLONG", 100.00, 80.00);
INSERT INTO invoice (date_in, tel, name, rego, money_in) VALUES ("2014-07-03", "02158412","Sxs", "GWC520",120.30);

INSERT INTO customer VALUES ("02158412", "Sxo","4 Krd Place, Kelburn, Wellington", "sfsfg@gmail.com");
INSERT INTO vehicle VALUES ("EES832", "Mazda", "Demio", "0213237", "2015-01-21");
INSERT INTO tyre (size_, brand, retail_price, cost) VALUES ("175/40 R14", "LINGLONG", 180.00, 90.00);
INSERT INTO invoice (date_in, tel, name, rego, money_in) VALUES ("2014-07-04", "02723567", "Sxo", "EES832" ,30);
INSERT INTO make (name) VALUES ("Alfa Romeo");
INSERT INTO model (name, make_name) VALUES ("146", "Alfa Romeo");
INSERT INTO model (name, make_name) VALUES ("147", "Alfa Romeo");
INSERT INTO model (name, make_name) VALUES ("156", "Alfa Romeo");
INSERT INTO model (name, make_name) VALUES ("159", "Alfa Romeo");
INSERT INTO model (name, make_name) VALUES ("Giulietta", "Alfa Romeo");
INSERT INTO model (name, make_name) VALUES ("GT", "Alfa Romeo");
INSERT INTO model (name, make_name) VALUES ("GTV", "Alfa Romeo");
INSERT INTO model (name, make_name) VALUES ("MiTo", "Alfa Romeo");
INSERT INTO model (name, make_name) VALUES ("Spider", "Alfa Romeo");

INSERT INTO make (name) VALUES ("Aston Martin");
INSERT INTO model (name, make_name) VALUES ("DB7", "Aston Martin");
INSERT INTO model (name, make_name) VALUES ("DB9", "Aston Martin");
INSERT INTO model (name, make_name) VALUES ("DBS", "Aston Martin");
INSERT INTO model (name, make_name) VALUES ("V8 Vantage", "Aston Martin");
INSERT INTO model (name, make_name) VALUES ("Virage", "Aston Martin");

INSERT INTO make (name) VALUES ("Audi");
INSERT INTO model (name, make_name) VALUES ("80", "Audi");
INSERT INTO model (name, make_name) VALUES ("A1", "Audi");
INSERT INTO model (name, make_name) VALUES ("A3", "Audi");
INSERT INTO model (name, make_name) VALUES ("A4", "Audi");
INSERT INTO model (name, make_name) VALUES ("A5", "Audi");
INSERT INTO model (name, make_name) VALUES ("A6", "Audi");
INSERT INTO model (name, make_name) VALUES ("A7", "Audi");
INSERT INTO model (name, make_name) VALUES ("A8", "Audi");
INSERT INTO model (name, make_name) VALUES ("Allroad", "Audi");
INSERT INTO model (name, make_name) VALUES ("Avant", "Audi");
INSERT INTO model (name, make_name) VALUES ("Q3", "Audi");
INSERT INTO model (name, make_name) VALUES ("Q5", "Audi");
INSERT INTO model (name, make_name) VALUES ("Q7", "Audi");
INSERT INTO model (name, make_name) VALUES ("R8", "Audi");
INSERT INTO model (name, make_name) VALUES ("RS3", "Audi");
INSERT INTO model (name, make_name) VALUES ("RS4", "Audi");
INSERT INTO model (name, make_name) VALUES ("RS5", "Audi");
INSERT INTO model (name, make_name) VALUES ("RS6", "Audi");
INSERT INTO model (name, make_name) VALUES ("S3", "Audi");
INSERT INTO model (name, make_name) VALUES ("S4", "Audi");
INSERT INTO model (name, make_name) VALUES ("S5", "Audi");
INSERT INTO model (name, make_name) VALUES ("S6", "Audi");
INSERT INTO model (name, make_name) VALUES ("S7", "Audi");
INSERT INTO model (name, make_name) VALUES ("S8", "Audi");
INSERT INTO model (name, make_name) VALUES ("SQ5", "Audi");
INSERT INTO model (name, make_name) VALUES ("TT", "Audi");

INSERT INTO make (name) VALUES ("Austin");

INSERT INTO make (name) VALUES ("Bentley");
INSERT INTO model (name, make_name) VALUES ("Continental", "Bentley");
INSERT INTO model (name, make_name) VALUES ("Mulsanne", "Bentley");

INSERT INTO make (name) VALUES ("BMW");
INSERT INTO model (name, make_name) VALUES ("116i", "BMW");
INSERT INTO model (name, make_name) VALUES ("118d", "BMW");
INSERT INTO model (name, make_name) VALUES ("118i", "BMW");
INSERT INTO model (name, make_name) VALUES ("120d", "BMW");
INSERT INTO model (name, make_name) VALUES ("120i", "BMW");
INSERT INTO model (name, make_name) VALUES ("123d", "BMW");
INSERT INTO model (name, make_name) VALUES ("125i", "BMW");
INSERT INTO model (name, make_name) VALUES ("130i", "BMW");
INSERT INTO model (name, make_name) VALUES ("135i", "BMW");
INSERT INTO model (name, make_name) VALUES ("3", "BMW");
INSERT INTO model (name, make_name) VALUES ("316", "BMW");
INSERT INTO model (name, make_name) VALUES ("316i", "BMW");
INSERT INTO model (name, make_name) VALUES ("316ti", "BMW");
INSERT INTO model (name, make_name) VALUES ("318", "BMW");
INSERT INTO model (name, make_name) VALUES ("318ci", "BMW");
INSERT INTO model (name, make_name) VALUES ("318d", "BMW");
INSERT INTO model (name, make_name) VALUES ("318i", "BMW");
INSERT INTO model (name, make_name) VALUES ("318is", "BMW");
INSERT INTO model (name, make_name) VALUES ("318ti", "BMW");
INSERT INTO model (name, make_name) VALUES ("320ci", "BMW");
INSERT INTO model (name, make_name) VALUES ("320d", "BMW");
INSERT INTO model (name, make_name) VALUES ("320i", "BMW");
INSERT INTO model (name, make_name) VALUES ("323", "BMW");
INSERT INTO model (name, make_name) VALUES ("323i", "BMW");
INSERT INTO model (name, make_name) VALUES ("325ci", "BMW");
INSERT INTO model (name, make_name) VALUES ("325i", "BMW");
INSERT INTO model (name, make_name) VALUES ("328", "BMW");
INSERT INTO model (name, make_name) VALUES ("328i", "BMW");
INSERT INTO model (name, make_name) VALUES ("330", "BMW");
INSERT INTO model (name, make_name) VALUES ("330ci", "BMW");
INSERT INTO model (name, make_name) VALUES ("330d", "BMW");
INSERT INTO model (name, make_name) VALUES ("330i", "BMW");
INSERT INTO model (name, make_name) VALUES ("335ci", "BMW");
INSERT INTO model (name, make_name) VALUES ("335d", "BMW");
INSERT INTO model (name, make_name) VALUES ("335i", "BMW");
INSERT INTO model (name, make_name) VALUES ("428i", "BMW");
INSERT INTO model (name, make_name) VALUES ("520d", "BMW");
INSERT INTO model (name, make_name) VALUES ("520i", "BMW");
INSERT INTO model (name, make_name) VALUES ("523", "BMW");
INSERT INTO model (name, make_name) VALUES ("523i", "BMW");
INSERT INTO model (name, make_name) VALUES ("525", "BMW");
INSERT INTO model (name, make_name) VALUES ("525d", "BMW");
INSERT INTO model (name, make_name) VALUES ("525i", "BMW");
INSERT INTO model (name, make_name) VALUES ("528i", "BMW");
INSERT INTO model (name, make_name) VALUES ("530", "BMW");
INSERT INTO model (name, make_name) VALUES ("530d", "BMW");
INSERT INTO model (name, make_name) VALUES ("530i", "BMW");
INSERT INTO model (name, make_name) VALUES ("535", "BMW");
INSERT INTO model (name, make_name) VALUES ("535d", "BMW");
INSERT INTO model (name, make_name) VALUES ("535i", "BMW");
INSERT INTO model (name, make_name) VALUES ("540", "BMW");
INSERT INTO model (name, make_name) VALUES ("540i", "BMW");
INSERT INTO model (name, make_name) VALUES ("545i", "BMW");
INSERT INTO model (name, make_name) VALUES ("550i", "BMW");
INSERT INTO model (name, make_name) VALUES ("630i", "BMW");
INSERT INTO model (name, make_name) VALUES ("640d", "BMW");
INSERT INTO model (name, make_name) VALUES ("645ci", "BMW");
INSERT INTO model (name, make_name) VALUES ("650ci", "BMW");
INSERT INTO model (name, make_name) VALUES ("650i", "BMW");
INSERT INTO model (name, make_name) VALUES ("728i", "BMW");
INSERT INTO model (name, make_name) VALUES ("730D", "BMW");
INSERT INTO model (name, make_name) VALUES ("730i", "BMW");
INSERT INTO model (name, make_name) VALUES ("730LD", "BMW");
INSERT INTO model (name, make_name) VALUES ("735", "BMW");
INSERT INTO model (name, make_name) VALUES ("735i", "BMW");
INSERT INTO model (name, make_name) VALUES ("740", "BMW");
INSERT INTO model (name, make_name) VALUES ("740i", "BMW");
INSERT INTO model (name, make_name) VALUES ("745i", "BMW");
INSERT INTO model (name, make_name) VALUES ("745iL", "BMW");
INSERT INTO model (name, make_name) VALUES ("745Li", "BMW");
INSERT INTO model (name, make_name) VALUES ("750i", "BMW");
INSERT INTO model (name, make_name) VALUES ("750Li", "BMW");
INSERT INTO model (name, make_name) VALUES ("760LI", "BMW");
INSERT INTO model (name, make_name) VALUES ("Compact", "BMW");
INSERT INTO model (name, make_name) VALUES ("M", "BMW");
INSERT INTO model (name, make_name) VALUES ("M1", "BMW");
INSERT INTO model (name, make_name) VALUES ("M3", "BMW");
INSERT INTO model (name, make_name) VALUES ("M5", "BMW");
INSERT INTO model (name, make_name) VALUES ("M6", "BMW");
INSERT INTO model (name, make_name) VALUES ("Mini", "BMW");
INSERT INTO model (name, make_name) VALUES ("Mini Cooper", "BMW");
INSERT INTO model (name, make_name) VALUES ("X1", "BMW");
INSERT INTO model (name, make_name) VALUES ("X3", "BMW");
INSERT INTO model (name, make_name) VALUES ("X5", "BMW");
INSERT INTO model (name, make_name) VALUES ("X6", "BMW");
INSERT INTO model (name, make_name) VALUES ("Z3", "BMW");
INSERT INTO model (name, make_name) VALUES ("Z4", "BMW");

INSERT INTO make (name) VALUES ("Cadillac");
INSERT INTO model (name, make_name) VALUES ("CTS", "Cadillac");
INSERT INTO model (name, make_name) VALUES ("Deville", "Cadillac");
INSERT INTO model (name, make_name) VALUES ("Fleetwood", "Cadillac");

INSERT INTO make (name) VALUES ("Chery");
INSERT INTO model (name, make_name) VALUES ("J1", "Chery");
INSERT INTO model (name, make_name) VALUES ("J11", "Chery");
INSERT INTO model (name, make_name) VALUES ("J3", "Chery");

INSERT INTO make (name) VALUES ("Chevrolet");
INSERT INTO model (name, make_name) VALUES ("Blazer", "Chevrolet");
INSERT INTO model (name, make_name) VALUES ("Camaro", "Chevrolet");
INSERT INTO model (name, make_name) VALUES ("Corvette", "Chevrolet");
INSERT INTO model (name, make_name) VALUES ("Coupe", "Chevrolet");
INSERT INTO model (name, make_name) VALUES ("Cruise", "Chevrolet");
INSERT INTO model (name, make_name) VALUES ("Cruze", "Chevrolet");
INSERT INTO model (name, make_name) VALUES ("El Camino", "Chevrolet");
INSERT INTO model (name, make_name) VALUES ("Fleetmaster", "Chevrolet");
INSERT INTO model (name, make_name) VALUES ("MW", "Chevrolet");
INSERT INTO model (name, make_name) VALUES ("Optra", "Chevrolet");
INSERT INTO model (name, make_name) VALUES ("Silverado", "Chevrolet");
INSERT INTO model (name, make_name) VALUES ("SS", "Chevrolet");
INSERT INTO model (name, make_name) VALUES ("Superior", "Chevrolet");
INSERT INTO model (name, make_name) VALUES ("Tahoe", "Chevrolet");

INSERT INTO make (name) VALUES ("Chrysler");
INSERT INTO model (name, make_name) VALUES ("300", "Chrysler");
INSERT INTO model (name, make_name) VALUES ("300 SRT", "Chrysler");
INSERT INTO model (name, make_name) VALUES ("300C", "Chrysler");
INSERT INTO model (name, make_name) VALUES ("Grand Voyager", "Chrysler");
INSERT INTO model (name, make_name) VALUES ("Jeep", "Chrysler");
INSERT INTO model (name, make_name) VALUES ("Jeep Grand Cherokee", "Chrysler");
INSERT INTO model (name, make_name) VALUES ("New Yorker", "Chrysler");
INSERT INTO model (name, make_name) VALUES ("PT Cruiser", "Chrysler");
INSERT INTO model (name, make_name) VALUES ("Sebring", "Chrysler");
INSERT INTO model (name, make_name) VALUES ("Valiant", "Chrysler");
INSERT INTO model (name, make_name) VALUES ("Voyager", "Chrysler");

INSERT INTO make (name) VALUES ("Citroen");
INSERT INTO model (name, make_name) VALUES ("Aircross", "Citroen");
INSERT INTO model (name, make_name) VALUES ("BX", "Citroen");
INSERT INTO model (name, make_name) VALUES ("C2", "Citroen");
INSERT INTO model (name, make_name) VALUES ("C3", "Citroen");
INSERT INTO model (name, make_name) VALUES ("C4", "Citroen");
INSERT INTO model (name, make_name) VALUES ("C5", "Citroen");
INSERT INTO model (name, make_name) VALUES ("DS3", "Citroen");
INSERT INTO model (name, make_name) VALUES ("DS4", "Citroen");
INSERT INTO model (name, make_name) VALUES ("DS5", "Citroen");
INSERT INTO model (name, make_name) VALUES ("Xsara", "Citroen");

INSERT INTO make (name) VALUES ("Daewoo");
INSERT INTO model (name, make_name) VALUES ("Kalos", "Daewoo");
INSERT INTO model (name, make_name) VALUES ("Leganza", "Daewoo");
INSERT INTO model (name, make_name) VALUES ("Matiz", "Daewoo");
INSERT INTO model (name, make_name) VALUES ("Nubira", "Daewoo");
INSERT INTO model (name, make_name) VALUES ("Tacuma", "Daewoo");

INSERT INTO make (name) VALUES ("Daihatsu");
INSERT INTO model (name, make_name) VALUES ("Atrai", "Daihatsu");
INSERT INTO model (name, make_name) VALUES ("Bego", "Daihatsu");
INSERT INTO model (name, make_name) VALUES ("Boon", "Daihatsu");
INSERT INTO model (name, make_name) VALUES ("Charade", "Daihatsu");
INSERT INTO model (name, make_name) VALUES ("Coo", "Daihatsu");
INSERT INTO model (name, make_name) VALUES ("Delta", "Daihatsu");
INSERT INTO model (name, make_name) VALUES ("Materia", "Daihatsu");
INSERT INTO model (name, make_name) VALUES ("Mira", "Daihatsu");
INSERT INTO model (name, make_name) VALUES ("Pyzar", "Daihatsu");
INSERT INTO model (name, make_name) VALUES ("Sirion", "Daihatsu");
INSERT INTO model (name, make_name) VALUES ("Storia", "Daihatsu");
INSERT INTO model (name, make_name) VALUES ("Terios", "Daihatsu");
INSERT INTO model (name, make_name) VALUES ("YRV", "Daihatsu");

INSERT INTO make (name) VALUES ("Daimler");
INSERT INTO model (name, make_name) VALUES ("Sovereign", "Daimler");

INSERT INTO make (name) VALUES ("Dodge");
INSERT INTO model (name, make_name) VALUES ("Avenger", "Dodge");
INSERT INTO model (name, make_name) VALUES ("Caliber", "Dodge");
INSERT INTO model (name, make_name) VALUES ("Challenger", "Dodge");
INSERT INTO model (name, make_name) VALUES ("Charger", "Dodge");
INSERT INTO model (name, make_name) VALUES ("Journey", "Dodge");
INSERT INTO model (name, make_name) VALUES ("Nitro", "Dodge");
INSERT INTO model (name, make_name) VALUES ("Ram", "Dodge");
INSERT INTO model (name, make_name) VALUES ("RAM1500", "Dodge");
INSERT INTO model (name, make_name) VALUES ("Viper", "Dodge");

INSERT INTO make (name) VALUES ("Ferrari");
INSERT INTO model (name, make_name) VALUES ("328", "Ferrari");
INSERT INTO model (name, make_name) VALUES ("348", "Ferrari");
INSERT INTO model (name, make_name) VALUES ("360", "Ferrari");
INSERT INTO model (name, make_name) VALUES ("456", "Ferrari");
INSERT INTO model (name, make_name) VALUES ("458 Italia", "Ferrari");
INSERT INTO model (name, make_name) VALUES ("599", "Ferrari");
INSERT INTO model (name, make_name) VALUES ("612", "Ferrari");
INSERT INTO model (name, make_name) VALUES ("California", "Ferrari");
INSERT INTO model (name, make_name) VALUES ("F355", "Ferrari");
INSERT INTO model (name, make_name) VALUES ("F430", "Ferrari");
INSERT INTO model (name, make_name) VALUES ("FF", "Ferrari");
INSERT INTO model (name, make_name) VALUES ("Spider", "Ferrari");

INSERT INTO make (name) VALUES ("Fiat");
INSERT INTO model (name, make_name) VALUES ("500", "Fiat");
INSERT INTO model (name, make_name) VALUES ("Abarth", "Fiat");
INSERT INTO model (name, make_name) VALUES ("Brava", "Fiat");
INSERT INTO model (name, make_name) VALUES ("Bravo", "Fiat");
INSERT INTO model (name, make_name) VALUES ("Doblo", "Fiat");
INSERT INTO model (name, make_name) VALUES ("Ducato", "Fiat");
INSERT INTO model (name, make_name) VALUES ("Grande Punto", "Fiat");
INSERT INTO model (name, make_name) VALUES ("Punto", "Fiat");
INSERT INTO model (name, make_name) VALUES ("Stilo", "Fiat");

INSERT INTO make (name) VALUES ("Ford");
INSERT INTO model (name, make_name) VALUES ("Capri", "Ford");
INSERT INTO model (name, make_name) VALUES ("Cortina", "Ford");
INSERT INTO model (name, make_name) VALUES ("Courier", "Ford");
INSERT INTO model (name, make_name) VALUES ("Deluxe", "Ford");
INSERT INTO model (name, make_name) VALUES ("Econovan", "Ford");
INSERT INTO model (name, make_name) VALUES ("Escape", "Ford");
INSERT INTO model (name, make_name) VALUES ("Escort", "Ford");
INSERT INTO model (name, make_name) VALUES ("Explorer", "Ford");
INSERT INTO model (name, make_name) VALUES ("F150", "Ford");
INSERT INTO model (name, make_name) VALUES ("F250", "Ford");
INSERT INTO model (name, make_name) VALUES ("F350", "Ford");
INSERT INTO model (name, make_name) VALUES ("Fairlane", "Ford");
INSERT INTO model (name, make_name) VALUES ("Fairmont", "Ford");
INSERT INTO model (name, make_name) VALUES ("Falcon", "Ford");
INSERT INTO model (name, make_name) VALUES ("Festiva", "Ford");
INSERT INTO model (name, make_name) VALUES ("Fiesta", "Ford");
INSERT INTO model (name, make_name) VALUES ("Focus", "Ford");
INSERT INTO model (name, make_name) VALUES ("FPV", "Ford");
INSERT INTO model (name, make_name) VALUES ("G6E", "Ford");
INSERT INTO model (name, make_name) VALUES ("Granada", "Ford");
INSERT INTO model (name, make_name) VALUES ("Ixion", "Ford");
INSERT INTO model (name, make_name) VALUES ("Ka", "Ford");
INSERT INTO model (name, make_name) VALUES ("Kuga", "Ford");
INSERT INTO model (name, make_name) VALUES ("Laser", "Ford");
INSERT INTO model (name, make_name) VALUES ("Mercury", "Ford");
INSERT INTO model (name, make_name) VALUES ("Mondeo", "Ford");
INSERT INTO model (name, make_name) VALUES ("Mustang", "Ford");
INSERT INTO model (name, make_name) VALUES ("Ranger", "Ford");
INSERT INTO model (name, make_name) VALUES ("Roadster", "Ford");
INSERT INTO model (name, make_name) VALUES ("Sierra", "Ford");
INSERT INTO model (name, make_name) VALUES ("Standard", "Ford");
INSERT INTO model (name, make_name) VALUES ("Taurus", "Ford");
INSERT INTO model (name, make_name) VALUES ("Telstar", "Ford");
INSERT INTO model (name, make_name) VALUES ("Territory", "Ford");
INSERT INTO model (name, make_name) VALUES ("Thunderbird", "Ford");
INSERT INTO model (name, make_name) VALUES ("Transit", "Ford");
INSERT INTO model (name, make_name) VALUES ("Typhoon", "Ford");
INSERT INTO model (name, make_name) VALUES ("XLT", "Ford");

INSERT INTO make (name) VALUES ("Foton");
INSERT INTO model (name, make_name) VALUES ("Tunland", "Foton");

INSERT INTO make (name) VALUES ("Geely");
INSERT INTO model (name, make_name) VALUES ("LC", "Geely");
INSERT INTO model (name, make_name) VALUES ("MK", "Geely");

INSERT INTO make (name) VALUES ("GMC");
INSERT INTO model (name, make_name) VALUES ("UTE", "GMC");

INSERT INTO make (name) VALUES ("Great Wall");
INSERT INTO model (name, make_name) VALUES ("v200", "Great Wall");
INSERT INTO model (name, make_name) VALUES ("V240", "Great Wall");
INSERT INTO model (name, make_name) VALUES ("X200", "Great Wall");
INSERT INTO model (name, make_name) VALUES ("X240", "Great Wall");

INSERT INTO make (name) VALUES ("Holden");
INSERT INTO model (name, make_name) VALUES ("Adventra", "Holden");
INSERT INTO model (name, make_name) VALUES ("Astra", "Holden");
INSERT INTO model (name, make_name) VALUES ("Barina", "Holden");
INSERT INTO model (name, make_name) VALUES ("Berlina", "Holden");
INSERT INTO model (name, make_name) VALUES ("Caprice", "Holden");
INSERT INTO model (name, make_name) VALUES ("Captiva", "Holden");
INSERT INTO model (name, make_name) VALUES ("Colorado", "Holden");
INSERT INTO model (name, make_name) VALUES ("Combo", "Holden");
INSERT INTO model (name, make_name) VALUES ("Commodore", "Holden");
INSERT INTO model (name, make_name) VALUES ("Crewman", "Holden");
INSERT INTO model (name, make_name) VALUES ("Cruze", "Holden");
INSERT INTO model (name, make_name) VALUES ("Epica", "Holden");
INSERT INTO model (name, make_name) VALUES ("Frontera", "Holden");
INSERT INTO model (name, make_name) VALUES ("HSV Avalanche", "Holden");
INSERT INTO model (name, make_name) VALUES ("HSV Clubsport", "Holden");
INSERT INTO model (name, make_name) VALUES ("HSV Coupe", "Holden");
INSERT INTO model (name, make_name) VALUES ("HSV Grange", "Holden");
INSERT INTO model (name, make_name) VALUES ("HSV GTO", "Holden");
INSERT INTO model (name, make_name) VALUES ("HSV GTS", "Holden");
INSERT INTO model (name, make_name) VALUES ("HSV Maloo", "Holden");
INSERT INTO model (name, make_name) VALUES ("HSV R8 Clubsport", "Holden");
INSERT INTO model (name, make_name) VALUES ("HSV Senator", "Holden");
INSERT INTO model (name, make_name) VALUES ("HSV Tourer R8", "Holden");
INSERT INTO model (name, make_name) VALUES ("Malibu", "Holden");
INSERT INTO model (name, make_name) VALUES ("Monaro", "Holden");
INSERT INTO model (name, make_name) VALUES ("Rodeo", "Holden");
INSERT INTO model (name, make_name) VALUES ("SS", "Holden");
INSERT INTO model (name, make_name) VALUES ("Statesman", "Holden");
INSERT INTO model (name, make_name) VALUES ("Trax", "Holden");
INSERT INTO model (name, make_name) VALUES ("Vectra", "Holden");
INSERT INTO model (name, make_name) VALUES ("Viva", "Holden");
INSERT INTO model (name, make_name) VALUES ("Volt", "Holden");

INSERT INTO make (name) VALUES ("Honda");
INSERT INTO model (name, make_name) VALUES ("Accord", "Honda");
INSERT INTO model (name, make_name) VALUES ("Air", "Honda");
INSERT INTO model (name, make_name) VALUES ("Airwave", "Honda");
INSERT INTO model (name, make_name) VALUES ("Avancier", "Honda");
INSERT INTO model (name, make_name) VALUES ("City", "Honda");
INSERT INTO model (name, make_name) VALUES ("Civic", "Honda");
INSERT INTO model (name, make_name) VALUES ("Crossroad", "Honda");
INSERT INTO model (name, make_name) VALUES ("CR-V", "Honda");
INSERT INTO model (name, make_name) VALUES ("CR-Z", "Honda");
INSERT INTO model (name, make_name) VALUES ("EDIX", "Honda");
INSERT INTO model (name, make_name) VALUES ("Elysion", "Honda");
INSERT INTO model (name, make_name) VALUES ("Fit", "Honda");
INSERT INTO model (name, make_name) VALUES ("Freed", "Honda");
INSERT INTO model (name, make_name) VALUES ("Horizon", "Honda");
INSERT INTO model (name, make_name) VALUES ("HRV", "Honda");
INSERT INTO model (name, make_name) VALUES ("Insight", "Honda");
INSERT INTO model (name, make_name) VALUES ("Inspire", "Honda");
INSERT INTO model (name, make_name) VALUES ("Integra", "Honda");
INSERT INTO model (name, make_name) VALUES ("Jazz", "Honda");
INSERT INTO model (name, make_name) VALUES ("Lagreat", "Honda");
INSERT INTO model (name, make_name) VALUES ("Legend", "Honda");
INSERT INTO model (name, make_name) VALUES ("Logo", "Honda");
INSERT INTO model (name, make_name) VALUES ("MDX", "Honda");
INSERT INTO model (name, make_name) VALUES ("Mobilio", "Honda");
INSERT INTO model (name, make_name) VALUES ("Odyssey", "Honda");
INSERT INTO model (name, make_name) VALUES ("Orthia", "Honda");
INSERT INTO model (name, make_name) VALUES ("Prelude", "Honda");
INSERT INTO model (name, make_name) VALUES ("Rafaga", "Honda");
INSERT INTO model (name, make_name) VALUES ("S2000", "Honda");
INSERT INTO model (name, make_name) VALUES ("Saber", "Honda");
INSERT INTO model (name, make_name) VALUES ("Spike", "Honda");
INSERT INTO model (name, make_name) VALUES ("Step Wagon", "Honda");
INSERT INTO model (name, make_name) VALUES ("Stream", "Honda");
INSERT INTO model (name, make_name) VALUES ("Torneo", "Honda");
INSERT INTO model (name, make_name) VALUES ("V6 Accord", "Honda");

INSERT INTO make (name) VALUES ("Hummer");
INSERT INTO model (name, make_name) VALUES ("H1", "Hummer");
INSERT INTO model (name, make_name) VALUES ("H2", "Hummer");
INSERT INTO model (name, make_name) VALUES ("H3", "Hummer");

INSERT INTO make (name) VALUES ("Hyundai");
INSERT INTO model (name, make_name) VALUES ("Accent", "Hyundai");
INSERT INTO model (name, make_name) VALUES ("Elantra", "Hyundai");
INSERT INTO model (name, make_name) VALUES ("FX", "Hyundai");
INSERT INTO model (name, make_name) VALUES ("Getz", "Hyundai");
INSERT INTO model (name, make_name) VALUES ("Grandeur", "Hyundai");
INSERT INTO model (name, make_name) VALUES ("H1", "Hyundai");
INSERT INTO model (name, make_name) VALUES ("H100", "Hyundai");
INSERT INTO model (name, make_name) VALUES ("i20", "Hyundai");
INSERT INTO model (name, make_name) VALUES ("i30", "Hyundai");
INSERT INTO model (name, make_name) VALUES ("i40", "Hyundai");
INSERT INTO model (name, make_name) VALUES ("i45", "Hyundai");
INSERT INTO model (name, make_name) VALUES ("iLoad", "Hyundai");
INSERT INTO model (name, make_name) VALUES ("iMax", "Hyundai");
INSERT INTO model (name, make_name) VALUES ("IX 35", "Hyundai");
INSERT INTO model (name, make_name) VALUES ("ix35", "Hyundai");
INSERT INTO model (name, make_name) VALUES ("Lantra", "Hyundai");
INSERT INTO model (name, make_name) VALUES ("Lavita", "Hyundai");
INSERT INTO model (name, make_name) VALUES ("Santa Fe", "Hyundai");
INSERT INTO model (name, make_name) VALUES ("Sonata", "Hyundai");
INSERT INTO model (name, make_name) VALUES ("TB", "Hyundai");
INSERT INTO model (name, make_name) VALUES ("Terracan", "Hyundai");
INSERT INTO model (name, make_name) VALUES ("Tiburon", "Hyundai");
INSERT INTO model (name, make_name) VALUES ("Trajet", "Hyundai");
INSERT INTO model (name, make_name) VALUES ("Tucson", "Hyundai");
INSERT INTO model (name, make_name) VALUES ("Tuscon", "Hyundai");
INSERT INTO model (name, make_name) VALUES ("Veloster", "Hyundai");

INSERT INTO make (name) VALUES ("Isuzu");
INSERT INTO model (name, make_name) VALUES ("Aska", "Isuzu");
INSERT INTO model (name, make_name) VALUES ("Bighorn", "Isuzu");
INSERT INTO model (name, make_name) VALUES ("Como", "Isuzu");
INSERT INTO model (name, make_name) VALUES ("D-Max", "Isuzu");
INSERT INTO model (name, make_name) VALUES ("DXL", "Isuzu");
INSERT INTO model (name, make_name) VALUES ("Elf", "Isuzu");
INSERT INTO model (name, make_name) VALUES ("Faster", "Isuzu");
INSERT INTO model (name, make_name) VALUES ("MU", "Isuzu");
INSERT INTO model (name, make_name) VALUES ("Piazza", "Isuzu");
INSERT INTO model (name, make_name) VALUES ("Trooper", "Isuzu");
INSERT INTO model (name, make_name) VALUES ("Utility", "Isuzu");
INSERT INTO model (name, make_name) VALUES ("Wizard", "Isuzu");

INSERT INTO make (name) VALUES ("Jaguar");
INSERT INTO model (name, make_name) VALUES ("4.2", "Jaguar");
INSERT INTO model (name, make_name) VALUES ("E Type", "Jaguar");
INSERT INTO model (name, make_name) VALUES ("F-Type", "Jaguar");
INSERT INTO model (name, make_name) VALUES ("MK2", "Jaguar");
INSERT INTO model (name, make_name) VALUES ("SE", "Jaguar");
INSERT INTO model (name, make_name) VALUES ("Sovereign", "Jaguar");
INSERT INTO model (name, make_name) VALUES ("S-Type", "Jaguar");
INSERT INTO model (name, make_name) VALUES ("XF", "Jaguar");
INSERT INTO model (name, make_name) VALUES ("XFR", "Jaguar");
INSERT INTO model (name, make_name) VALUES ("XFS", "Jaguar");
INSERT INTO model (name, make_name) VALUES ("XJ", "Jaguar");
INSERT INTO model (name, make_name) VALUES ("XJ6", "Jaguar");
INSERT INTO model (name, make_name) VALUES ("XJ8", "Jaguar");
INSERT INTO model (name, make_name) VALUES ("XJR", "Jaguar");
INSERT INTO model (name, make_name) VALUES ("XJS", "Jaguar");
INSERT INTO model (name, make_name) VALUES ("XK", "Jaguar");
INSERT INTO model (name, make_name) VALUES ("XK8", "Jaguar");
INSERT INTO model (name, make_name) VALUES ("XKR", "Jaguar");
INSERT INTO model (name, make_name) VALUES ("X-Type", "Jaguar");

INSERT INTO make (name) VALUES ("Jeep");
INSERT INTO model (name, make_name) VALUES ("Cherokee", "Jeep");
INSERT INTO model (name, make_name) VALUES ("Compass", "Jeep");
INSERT INTO model (name, make_name) VALUES ("Grand Cherokee", "Jeep");
INSERT INTO model (name, make_name) VALUES ("Patriot", "Jeep");
INSERT INTO model (name, make_name) VALUES ("Wrangler", "Jeep");

INSERT INTO make (name) VALUES ("Kia");
INSERT INTO model (name, make_name) VALUES ("Carens", "Kia");
INSERT INTO model (name, make_name) VALUES ("Carnival", "Kia");
INSERT INTO model (name, make_name) VALUES ("Cerato", "Kia");
INSERT INTO model (name, make_name) VALUES ("Koup", "Kia");
INSERT INTO model (name, make_name) VALUES ("Magentis", "Kia");
INSERT INTO model (name, make_name) VALUES ("Mentor", "Kia");
INSERT INTO model (name, make_name) VALUES ("Optima", "Kia");
INSERT INTO model (name, make_name) VALUES ("Picanto", "Kia");
INSERT INTO model (name, make_name) VALUES ("Pregio", "Kia");
INSERT INTO model (name, make_name) VALUES ("Rio", "Kia");
INSERT INTO model (name, make_name) VALUES ("Sorento", "Kia");
INSERT INTO model (name, make_name) VALUES ("Soul", "Kia");
INSERT INTO model (name, make_name) VALUES ("Spectra", "Kia");
INSERT INTO model (name, make_name) VALUES ("Sportage", "Kia");

INSERT INTO make (name) VALUES ("Lamborghini");
INSERT INTO model (name, make_name) VALUES ("Aventador", "Lamborghini");
INSERT INTO model (name, make_name) VALUES ("Gallardo", "Lamborghini");
INSERT INTO model (name, make_name) VALUES ("Murcielago", "Lamborghini");

INSERT INTO make (name) VALUES ("Land Rover");
INSERT INTO model (name, make_name) VALUES ("Defender", "Land Rover");
INSERT INTO model (name, make_name) VALUES ("Discovery", "Land Rover");
INSERT INTO model (name, make_name) VALUES ("Freelander", "Land Rover");
INSERT INTO model (name, make_name) VALUES ("Range Rover", "Land Rover");
INSERT INTO model (name, make_name) VALUES ("Series 3", "Land Rover");
INSERT INTO model (name, make_name) VALUES ("TDV8", "Land Rover");

INSERT INTO make (name) VALUES ("LDV");
INSERT INTO model (name, make_name) VALUES ("Convoy", "LDV");
INSERT INTO model (name, make_name) VALUES ("Maxus", "LDV");
INSERT INTO model (name, make_name) VALUES ("V80", "LDV");

INSERT INTO make (name) VALUES ("Lexus");
INSERT INTO model (name, make_name) VALUES ("CT200h", "Lexus");
INSERT INTO model (name, make_name) VALUES ("ES300", "Lexus");
INSERT INTO model (name, make_name) VALUES ("GS250", "Lexus");
INSERT INTO model (name, make_name) VALUES ("GS300", "Lexus");
INSERT INTO model (name, make_name) VALUES ("GS350", "Lexus");
INSERT INTO model (name, make_name) VALUES ("GS430", "Lexus");
INSERT INTO model (name, make_name) VALUES ("GS450h", "Lexus");
INSERT INTO model (name, make_name) VALUES ("GS460", "Lexus");
INSERT INTO model (name, make_name) VALUES ("IS F", "Lexus");
INSERT INTO model (name, make_name) VALUES ("IS200", "Lexus");
INSERT INTO model (name, make_name) VALUES ("IS220", "Lexus");
INSERT INTO model (name, make_name) VALUES ("IS250", "Lexus");
INSERT INTO model (name, make_name) VALUES ("IS300", "Lexus");
INSERT INTO model (name, make_name) VALUES ("IS350", "Lexus");
INSERT INTO model (name, make_name) VALUES ("L300", "Lexus");
INSERT INTO model (name, make_name) VALUES ("LS430", "Lexus");
INSERT INTO model (name, make_name) VALUES ("LS460", "Lexus");
INSERT INTO model (name, make_name) VALUES ("LS600", "Lexus");
INSERT INTO model (name, make_name) VALUES ("LX470", "Lexus");
INSERT INTO model (name, make_name) VALUES ("LX570", "Lexus");
INSERT INTO model (name, make_name) VALUES ("RX300", "Lexus");
INSERT INTO model (name, make_name) VALUES ("RX330", "Lexus");
INSERT INTO model (name, make_name) VALUES ("RX350", "Lexus");
INSERT INTO model (name, make_name) VALUES ("RX400h", "Lexus");
INSERT INTO model (name, make_name) VALUES ("RX450h", "Lexus");
INSERT INTO model (name, make_name) VALUES ("SC430", "Lexus");

INSERT INTO make (name) VALUES ("Lotus");
INSERT INTO model (name, make_name) VALUES ("2-Eleven", "Lotus");
INSERT INTO model (name, make_name) VALUES ("Elise", "Lotus");
INSERT INTO model (name, make_name) VALUES ("Esprit", "Lotus");
INSERT INTO model (name, make_name) VALUES ("Evora", "Lotus");
INSERT INTO model (name, make_name) VALUES ("Exige", "Lotus");

INSERT INTO make (name) VALUES ("Mahindra");
INSERT INTO model (name, make_name) VALUES ("Genio Single Cab", "Mahindra");
INSERT INTO model (name, make_name) VALUES ("Pikup", "Mahindra");
INSERT INTO model (name, make_name) VALUES ("Pikup 4x2", "Mahindra");
INSERT INTO model (name, make_name) VALUES ("XUV 500", "Mahindra");

INSERT INTO make (name) VALUES ("Maserati");
INSERT INTO model (name, make_name) VALUES ("3200 GT", "Maserati");
INSERT INTO model (name, make_name) VALUES ("GRANCABRIO", "Maserati");
INSERT INTO model (name, make_name) VALUES ("GranTurismo", "Maserati");
INSERT INTO model (name, make_name) VALUES ("MC Stradale", "Maserati");
INSERT INTO model (name, make_name) VALUES ("Quattroporte", "Maserati");
INSERT INTO model (name, make_name) VALUES ("Spyder", "Maserati");

INSERT INTO make (name) VALUES ("Mazda");
INSERT INTO model (name, make_name) VALUES ("121", "Mazda");
INSERT INTO model (name, make_name) VALUES ("2", "Mazda");
INSERT INTO model (name, make_name) VALUES ("3", "Mazda");
INSERT INTO model (name, make_name) VALUES ("323", "Mazda");
INSERT INTO model (name, make_name) VALUES ("6", "Mazda");
INSERT INTO model (name, make_name) VALUES ("626", "Mazda");
INSERT INTO model (name, make_name) VALUES ("Atenza", "Mazda");
INSERT INTO model (name, make_name) VALUES ("Autozam", "Mazda");
INSERT INTO model (name, make_name) VALUES ("Axela", "Mazda");
INSERT INTO model (name, make_name) VALUES ("B2000", "Mazda");
INSERT INTO model (name, make_name) VALUES ("B2200", "Mazda");
INSERT INTO model (name, make_name) VALUES ("B2500", "Mazda");
INSERT INTO model (name, make_name) VALUES ("B2600", "Mazda");
INSERT INTO model (name, make_name) VALUES ("Biante", "Mazda");
INSERT INTO model (name, make_name) VALUES ("Bongo", "Mazda");
INSERT INTO model (name, make_name) VALUES ("Bounty", "Mazda");
INSERT INTO model (name, make_name) VALUES ("Brawny", "Mazda");
INSERT INTO model (name, make_name) VALUES ("BT-50", "Mazda");
INSERT INTO model (name, make_name) VALUES ("Capella", "Mazda");
INSERT INTO model (name, make_name) VALUES ("CX-5", "Mazda");
INSERT INTO model (name, make_name) VALUES ("CX-7", "Mazda");
INSERT INTO model (name, make_name) VALUES ("CX-9", "Mazda");
INSERT INTO model (name, make_name) VALUES ("Demio", "Mazda");
INSERT INTO model (name, make_name) VALUES ("E1800", "Mazda");
INSERT INTO model (name, make_name) VALUES ("E2000", "Mazda");
INSERT INTO model (name, make_name) VALUES ("Eunos", "Mazda");
INSERT INTO model (name, make_name) VALUES ("Familia", "Mazda");
INSERT INTO model (name, make_name) VALUES ("Lantis", "Mazda");
INSERT INTO model (name, make_name) VALUES ("MPV", "Mazda");
INSERT INTO model (name, make_name) VALUES ("MX-5", "Mazda");
INSERT INTO model (name, make_name) VALUES ("Premacy", "Mazda");
INSERT INTO model (name, make_name) VALUES ("Proceed", "Mazda");
INSERT INTO model (name, make_name) VALUES ("Roadster", "Mazda");
INSERT INTO model (name, make_name) VALUES ("RX3", "Mazda");
INSERT INTO model (name, make_name) VALUES ("RX-8", "Mazda");
INSERT INTO model (name, make_name) VALUES ("Sentia", "Mazda");
INSERT INTO model (name, make_name) VALUES ("SP20", "Mazda");
INSERT INTO model (name, make_name) VALUES ("SP23", "Mazda");
INSERT INTO model (name, make_name) VALUES ("Titan", "Mazda");
INSERT INTO model (name, make_name) VALUES ("Tribute", "Mazda");
INSERT INTO model (name, make_name) VALUES ("Verisa", "Mazda");

INSERT INTO make (name) VALUES ("Mercedes-Benz");
INSERT INTO model (name, make_name) VALUES ("190E", "Mercedes-Benz");
INSERT INTO model (name, make_name) VALUES ("220", "Mercedes-Benz");
INSERT INTO model (name, make_name) VALUES ("260E", "Mercedes-Benz");
INSERT INTO model (name, make_name) VALUES ("280", "Mercedes-Benz");
INSERT INTO model (name, make_name) VALUES ("300", "Mercedes-Benz");
INSERT INTO model (name, make_name) VALUES ("300E", "Mercedes-Benz");
INSERT INTO model (name, make_name) VALUES ("300SL", "Mercedes-Benz");
INSERT INTO model (name, make_name) VALUES ("320", "Mercedes-Benz");
INSERT INTO model (name, make_name) VALUES ("350", "Mercedes-Benz");
INSERT INTO model (name, make_name) VALUES ("500", "Mercedes-Benz");
INSERT INTO model (name, make_name) VALUES ("500SL", "Mercedes-Benz");
INSERT INTO model (name, make_name) VALUES ("A160", "Mercedes-Benz");
INSERT INTO model (name, make_name) VALUES ("A170", "Mercedes-Benz");
INSERT INTO model (name, make_name) VALUES ("A180", "Mercedes-Benz");
INSERT INTO model (name, make_name) VALUES ("A190", "Mercedes-Benz");
INSERT INTO model (name, make_name) VALUES ("A200", "Mercedes-Benz");
INSERT INTO model (name, make_name) VALUES ("A250", "Mercedes-Benz");
INSERT INTO model (name, make_name) VALUES ("A45", "Mercedes-Benz");
INSERT INTO model (name, make_name) VALUES ("B170", "Mercedes-Benz");
INSERT INTO model (name, make_name) VALUES ("B180", "Mercedes-Benz");
INSERT INTO model (name, make_name) VALUES ("B200", "Mercedes-Benz");
INSERT INTO model (name, make_name) VALUES ("B250", "Mercedes-Benz");
INSERT INTO model (name, make_name) VALUES ("C Class Coach", "Mercedes-Benz");
INSERT INTO model (name, make_name) VALUES ("C180", "Mercedes-Benz");
INSERT INTO model (name, make_name) VALUES ("C200", "Mercedes-Benz");
INSERT INTO model (name, make_name) VALUES ("C220", "Mercedes-Benz");
INSERT INTO model (name, make_name) VALUES ("C230", "Mercedes-Benz");
INSERT INTO model (name, make_name) VALUES ("C240", "Mercedes-Benz");
INSERT INTO model (name, make_name) VALUES ("C250", "Mercedes-Benz");
INSERT INTO model (name, make_name) VALUES ("C280", "Mercedes-Benz");
INSERT INTO model (name, make_name) VALUES ("C300", "Mercedes-Benz");
INSERT INTO model (name, make_name) VALUES ("C32", "Mercedes-Benz");
INSERT INTO model (name, make_name) VALUES ("C320", "Mercedes-Benz");
INSERT INTO model (name, make_name) VALUES ("C350", "Mercedes-Benz");
INSERT INTO model (name, make_name) VALUES ("C36", "Mercedes-Benz");
INSERT INTO model (name, make_name) VALUES ("C55", "Mercedes-Benz");
INSERT INTO model (name, make_name) VALUES ("C63", "Mercedes-Benz");
INSERT INTO model (name, make_name) VALUES ("CL200", "Mercedes-Benz");
INSERT INTO model (name, make_name) VALUES ("CL500", "Mercedes-Benz");
INSERT INTO model (name, make_name) VALUES ("CL55", "Mercedes-Benz");
INSERT INTO model (name, make_name) VALUES ("CL550", "Mercedes-Benz");
INSERT INTO model (name, make_name) VALUES ("CL63", "Mercedes-Benz");
INSERT INTO model (name, make_name) VALUES ("CLC", "Mercedes-Benz");
INSERT INTO model (name, make_name) VALUES ("CLC200", "Mercedes-Benz");
INSERT INTO model (name, make_name) VALUES ("CLK", "Mercedes-Benz");
INSERT INTO model (name, make_name) VALUES ("CLK200", "Mercedes-Benz");
INSERT INTO model (name, make_name) VALUES ("CLK240", "Mercedes-Benz");
INSERT INTO model (name, make_name) VALUES ("CLK280", "Mercedes-Benz");
INSERT INTO model (name, make_name) VALUES ("CLK320", "Mercedes-Benz");
INSERT INTO model (name, make_name) VALUES ("CLK350", "Mercedes-Benz");
INSERT INTO model (name, make_name) VALUES ("CLK500", "Mercedes-Benz");
INSERT INTO model (name, make_name) VALUES ("CLK63", "Mercedes-Benz");
INSERT INTO model (name, make_name) VALUES ("CLS350", "Mercedes-Benz");
INSERT INTO model (name, make_name) VALUES ("CLS500", "Mercedes-Benz");
INSERT INTO model (name, make_name) VALUES ("CLS55", "Mercedes-Benz");
INSERT INTO model (name, make_name) VALUES ("CLS550", "Mercedes-Benz");
INSERT INTO model (name, make_name) VALUES ("CLS63", "Mercedes-Benz");
INSERT INTO model (name, make_name) VALUES ("E200", "Mercedes-Benz");
INSERT INTO model (name, make_name) VALUES ("E220", "Mercedes-Benz");
INSERT INTO model (name, make_name) VALUES ("E240", "Mercedes-Benz");
INSERT INTO model (name, make_name) VALUES ("E250", "Mercedes-Benz");
INSERT INTO model (name, make_name) VALUES ("E280", "Mercedes-Benz");
INSERT INTO model (name, make_name) VALUES ("E300", "Mercedes-Benz");
INSERT INTO model (name, make_name) VALUES ("E320", "Mercedes-Benz");
INSERT INTO model (name, make_name) VALUES ("E350", "Mercedes-Benz");
INSERT INTO model (name, make_name) VALUES ("E400", "Mercedes-Benz");
INSERT INTO model (name, make_name) VALUES ("E430", "Mercedes-Benz");
INSERT INTO model (name, make_name) VALUES ("E500", "Mercedes-Benz");
INSERT INTO model (name, make_name) VALUES ("E55", "Mercedes-Benz");
INSERT INTO model (name, make_name) VALUES ("E550", "Mercedes-Benz");
INSERT INTO model (name, make_name) VALUES ("E63", "Mercedes-Benz");
INSERT INTO model (name, make_name) VALUES ("E-Class", "Mercedes-Benz");
INSERT INTO model (name, make_name) VALUES ("GL320", "Mercedes-Benz");
INSERT INTO model (name, make_name) VALUES ("GL350", "Mercedes-Benz");
INSERT INTO model (name, make_name) VALUES ("GL500", "Mercedes-Benz");
INSERT INTO model (name, make_name) VALUES ("MB140", "Mercedes-Benz");
INSERT INTO model (name, make_name) VALUES ("ML250", "Mercedes-Benz");
INSERT INTO model (name, make_name) VALUES ("ML300", "Mercedes-Benz");
INSERT INTO model (name, make_name) VALUES ("ML320", "Mercedes-Benz");
INSERT INTO model (name, make_name) VALUES ("ML350", "Mercedes-Benz");
INSERT INTO model (name, make_name) VALUES ("ML430", "Mercedes-Benz");
INSERT INTO model (name, make_name) VALUES ("ML500", "Mercedes-Benz");
INSERT INTO model (name, make_name) VALUES ("ML63", "Mercedes-Benz");
INSERT INTO model (name, make_name) VALUES ("R320", "Mercedes-Benz");
INSERT INTO model (name, make_name) VALUES ("R350", "Mercedes-Benz");
INSERT INTO model (name, make_name) VALUES ("S280", "Mercedes-Benz");
INSERT INTO model (name, make_name) VALUES ("S320", "Mercedes-Benz");
INSERT INTO model (name, make_name) VALUES ("S350", "Mercedes-Benz");
INSERT INTO model (name, make_name) VALUES ("S430", "Mercedes-Benz");
INSERT INTO model (name, make_name) VALUES ("S500", "Mercedes-Benz");
INSERT INTO model (name, make_name) VALUES ("S550", "Mercedes-Benz");
INSERT INTO model (name, make_name) VALUES ("S63", "Mercedes-Benz");
INSERT INTO model (name, make_name) VALUES ("S65", "Mercedes-Benz");
INSERT INTO model (name, make_name) VALUES ("SL", "Mercedes-Benz");
INSERT INTO model (name, make_name) VALUES ("SL350", "Mercedes-Benz");
INSERT INTO model (name, make_name) VALUES ("SL500", "Mercedes-Benz");
INSERT INTO model (name, make_name) VALUES ("SL55", "Mercedes-Benz");
INSERT INTO model (name, make_name) VALUES ("SL600", "Mercedes-Benz");
INSERT INTO model (name, make_name) VALUES ("SL63", "Mercedes-Benz");
INSERT INTO model (name, make_name) VALUES ("SLK", "Mercedes-Benz");
INSERT INTO model (name, make_name) VALUES ("SLK200", "Mercedes-Benz");
INSERT INTO model (name, make_name) VALUES ("SLK230", "Mercedes-Benz");
INSERT INTO model (name, make_name) VALUES ("SLK250", "Mercedes-Benz");
INSERT INTO model (name, make_name) VALUES ("SLK280", "Mercedes-Benz");
INSERT INTO model (name, make_name) VALUES ("SLK300", "Mercedes-Benz");
INSERT INTO model (name, make_name) VALUES ("SLK320", "Mercedes-Benz");
INSERT INTO model (name, make_name) VALUES ("SLK350", "Mercedes-Benz");
INSERT INTO model (name, make_name) VALUES ("SLK55", "Mercedes-Benz");
INSERT INTO model (name, make_name) VALUES ("Smart Car", "Mercedes-Benz");
INSERT INTO model (name, make_name) VALUES ("Sprinter", "Mercedes-Benz");
INSERT INTO model (name, make_name) VALUES ("V230", "Mercedes-Benz");
INSERT INTO model (name, make_name) VALUES ("V350", "Mercedes-Benz");
INSERT INTO model (name, make_name) VALUES ("Vaneo", "Mercedes-Benz");
INSERT INTO model (name, make_name) VALUES ("Viano", "Mercedes-Benz");
INSERT INTO model (name, make_name) VALUES ("Vito", "Mercedes-Benz");

INSERT INTO make (name) VALUES ("MG");
INSERT INTO model (name, make_name) VALUES ("6", "MG");
INSERT INTO model (name, make_name) VALUES ("MGB", "MG");
INSERT INTO model (name, make_name) VALUES ("MGF", "MG");

INSERT INTO make (name) VALUES ("Mini");
INSERT INTO model (name, make_name) VALUES ("Clubman", "Mini");
INSERT INTO model (name, make_name) VALUES ("Cooper", "Mini");
INSERT INTO model (name, make_name) VALUES ("Countryman", "Mini");
INSERT INTO model (name, make_name) VALUES ("Mayfair", "Mini");
INSERT INTO model (name, make_name) VALUES ("One", "Mini");

INSERT INTO make (name) VALUES ("Mitsubishi");
INSERT INTO model (name, make_name) VALUES ("380", "Mitsubishi");
INSERT INTO model (name, make_name) VALUES ("Airtrek", "Mitsubishi");
INSERT INTO model (name, make_name) VALUES ("ASX", "Mitsubishi");
INSERT INTO model (name, make_name) VALUES ("Canter", "Mitsubishi");
INSERT INTO model (name, make_name) VALUES ("Carisma", "Mitsubishi");
INSERT INTO model (name, make_name) VALUES ("Cedia", "Mitsubishi");
INSERT INTO model (name, make_name) VALUES ("Challenger", "Mitsubishi");
INSERT INTO model (name, make_name) VALUES ("Chariot", "Mitsubishi");
INSERT INTO model (name, make_name) VALUES ("Colt", "Mitsubishi");
INSERT INTO model (name, make_name) VALUES ("Delica", "Mitsubishi");
INSERT INTO model (name, make_name) VALUES ("Diamante", "Mitsubishi");
INSERT INTO model (name, make_name) VALUES ("Dingo", "Mitsubishi");
INSERT INTO model (name, make_name) VALUES ("Dion", "Mitsubishi");
INSERT INTO model (name, make_name) VALUES ("FTO", "Mitsubishi");
INSERT INTO model (name, make_name) VALUES ("Galant", "Mitsubishi");
INSERT INTO model (name, make_name) VALUES ("Grandis", "Mitsubishi");
INSERT INTO model (name, make_name) VALUES ("i-car", "Mitsubishi");
INSERT INTO model (name, make_name) VALUES ("i-MiEV", "Mitsubishi");
INSERT INTO model (name, make_name) VALUES ("L200", "Mitsubishi");
INSERT INTO model (name, make_name) VALUES ("L300", "Mitsubishi");
INSERT INTO model (name, make_name) VALUES ("L400", "Mitsubishi");
INSERT INTO model (name, make_name) VALUES ("Lancer", "Mitsubishi");
INSERT INTO model (name, make_name) VALUES ("Legnum", "Mitsubishi");
INSERT INTO model (name, make_name) VALUES ("Libero", "Mitsubishi");
INSERT INTO model (name, make_name) VALUES ("Magna", "Mitsubishi");
INSERT INTO model (name, make_name) VALUES ("Mini Cab", "Mitsubishi");
INSERT INTO model (name, make_name) VALUES ("Mirage", "Mitsubishi");
INSERT INTO model (name, make_name) VALUES ("Nimbus", "Mitsubishi");
INSERT INTO model (name, make_name) VALUES ("Outlander", "Mitsubishi");
INSERT INTO model (name, make_name) VALUES ("Pajero", "Mitsubishi");
INSERT INTO model (name, make_name) VALUES ("RVR", "Mitsubishi");
INSERT INTO model (name, make_name) VALUES ("Sigma", "Mitsubishi");
INSERT INTO model (name, make_name) VALUES ("Town Box", "Mitsubishi");
INSERT INTO model (name, make_name) VALUES ("Triton", "Mitsubishi");

INSERT INTO make (name) VALUES ("Morris");
INSERT INTO model (name, make_name) VALUES ("1300", "Morris");
INSERT INTO model (name, make_name) VALUES ("Marina", "Morris");
INSERT INTO model (name, make_name) VALUES ("Mini", "Morris");
INSERT INTO model (name, make_name) VALUES ("Minor", "Morris");

INSERT INTO make (name) VALUES ("Nissan");
INSERT INTO model (name, make_name) VALUES ("200SX", "Nissan");
INSERT INTO model (name, make_name) VALUES ("300ZX", "Nissan");
INSERT INTO model (name, make_name) VALUES ("350", "Nissan");
INSERT INTO model (name, make_name) VALUES ("350Z", "Nissan");
INSERT INTO model (name, make_name) VALUES ("370Z", "Nissan");
INSERT INTO model (name, make_name) VALUES ("AD", "Nissan");
INSERT INTO model (name, make_name) VALUES ("Altima", "Nissan");
INSERT INTO model (name, make_name) VALUES ("Atlas", "Nissan");
INSERT INTO model (name, make_name) VALUES ("Avenir", "Nissan");
INSERT INTO model (name, make_name) VALUES ("Bassara", "Nissan");
INSERT INTO model (name, make_name) VALUES ("Bluebird", "Nissan");
INSERT INTO model (name, make_name) VALUES ("Caravan", "Nissan");
INSERT INTO model (name, make_name) VALUES ("Cedric", "Nissan");
INSERT INTO model (name, make_name) VALUES ("Cefiro", "Nissan");
INSERT INTO model (name, make_name) VALUES ("Cima", "Nissan");
INSERT INTO model (name, make_name) VALUES ("Civilian", "Nissan");
INSERT INTO model (name, make_name) VALUES ("Cube", "Nissan");
INSERT INTO model (name, make_name) VALUES ("Datsun", "Nissan");
INSERT INTO model (name, make_name) VALUES ("Dualis", "Nissan");
INSERT INTO model (name, make_name) VALUES ("Elgrand", "Nissan");
INSERT INTO model (name, make_name) VALUES ("Expert", "Nissan");
INSERT INTO model (name, make_name) VALUES ("Fairlady", "Nissan");
INSERT INTO model (name, make_name) VALUES ("Figaro", "Nissan");
INSERT INTO model (name, make_name) VALUES ("Fuga", "Nissan");
INSERT INTO model (name, make_name) VALUES ("GTR", "Nissan");
INSERT INTO model (name, make_name) VALUES ("Infiniti", "Nissan");
INSERT INTO model (name, make_name) VALUES ("Juke", "Nissan");
INSERT INTO model (name, make_name) VALUES ("Kingcab", "Nissan");
INSERT INTO model (name, make_name) VALUES ("La Festa", "Nissan");
INSERT INTO model (name, make_name) VALUES ("Lafesta", "Nissan");
INSERT INTO model (name, make_name) VALUES ("Largo", "Nissan");
INSERT INTO model (name, make_name) VALUES ("Laurel", "Nissan");
INSERT INTO model (name, make_name) VALUES ("Leaf", "Nissan");
INSERT INTO model (name, make_name) VALUES ("Leopard", "Nissan");
INSERT INTO model (name, make_name) VALUES ("Liberty", "Nissan");
INSERT INTO model (name, make_name) VALUES ("Lucino", "Nissan");
INSERT INTO model (name, make_name) VALUES ("March", "Nissan");
INSERT INTO model (name, make_name) VALUES ("Maxima", "Nissan");
INSERT INTO model (name, make_name) VALUES ("Micra", "Nissan");
INSERT INTO model (name, make_name) VALUES ("Mistral", "Nissan");
INSERT INTO model (name, make_name) VALUES ("Murano", "Nissan");
INSERT INTO model (name, make_name) VALUES ("Navara", "Nissan");
INSERT INTO model (name, make_name) VALUES ("Note", "Nissan");
INSERT INTO model (name, make_name) VALUES ("NV200", "Nissan");
INSERT INTO model (name, make_name) VALUES ("NX", "Nissan");
INSERT INTO model (name, make_name) VALUES ("PAO", "Nissan");
INSERT INTO model (name, make_name) VALUES ("Passage", "Nissan");
INSERT INTO model (name, make_name) VALUES ("Pathfinder", "Nissan");
INSERT INTO model (name, make_name) VALUES ("Patrol", "Nissan");
INSERT INTO model (name, make_name) VALUES ("Prairie", "Nissan");
INSERT INTO model (name, make_name) VALUES ("Presage", "Nissan");
INSERT INTO model (name, make_name) VALUES ("Primastar", "Nissan");
INSERT INTO model (name, make_name) VALUES ("Primera", "Nissan");
INSERT INTO model (name, make_name) VALUES ("Pulsar", "Nissan");
INSERT INTO model (name, make_name) VALUES ("Qashqai", "Nissan");
INSERT INTO model (name, make_name) VALUES ("Regulus", "Nissan");
INSERT INTO model (name, make_name) VALUES ("Rnessa", "Nissan");
INSERT INTO model (name, make_name) VALUES ("Safari", "Nissan");
INSERT INTO model (name, make_name) VALUES ("Sentra", "Nissan");
INSERT INTO model (name, make_name) VALUES ("Serena", "Nissan");
INSERT INTO model (name, make_name) VALUES ("Silvia", "Nissan");
INSERT INTO model (name, make_name) VALUES ("Skyline", "Nissan");
INSERT INTO model (name, make_name) VALUES ("Stagea", "Nissan");
INSERT INTO model (name, make_name) VALUES ("Sunny", "Nissan");
INSERT INTO model (name, make_name) VALUES ("Sylphy", "Nissan");
INSERT INTO model (name, make_name) VALUES ("Teana", "Nissan");
INSERT INTO model (name, make_name) VALUES ("Terrano", "Nissan");
INSERT INTO model (name, make_name) VALUES ("Tiida", "Nissan");
INSERT INTO model (name, make_name) VALUES ("Tino", "Nissan");
INSERT INTO model (name, make_name) VALUES ("Urvan", "Nissan");
INSERT INTO model (name, make_name) VALUES ("Ute", "Nissan");
INSERT INTO model (name, make_name) VALUES ("Vanette", "Nissan");
INSERT INTO model (name, make_name) VALUES ("Wingroad", "Nissan");
INSERT INTO model (name, make_name) VALUES ("X-Trail", "Nissan");

INSERT INTO make (name) VALUES ("Opel");
INSERT INTO model (name, make_name) VALUES ("Astra", "Opel");
INSERT INTO model (name, make_name) VALUES ("Vectra", "Opel");

INSERT INTO make (name) VALUES ("Peugeot");
INSERT INTO model (name, make_name) VALUES ("2008", "Peugeot");
INSERT INTO model (name, make_name) VALUES ("206", "Peugeot");
INSERT INTO model (name, make_name) VALUES ("206CC", "Peugeot");
INSERT INTO model (name, make_name) VALUES ("207", "Peugeot");
INSERT INTO model (name, make_name) VALUES ("208", "Peugeot");
INSERT INTO model (name, make_name) VALUES ("3008", "Peugeot");
INSERT INTO model (name, make_name) VALUES ("306", "Peugeot");
INSERT INTO model (name, make_name) VALUES ("307", "Peugeot");
INSERT INTO model (name, make_name) VALUES ("308", "Peugeot");
INSERT INTO model (name, make_name) VALUES ("4007", "Peugeot");
INSERT INTO model (name, make_name) VALUES ("4008", "Peugeot");
INSERT INTO model (name, make_name) VALUES ("405", "Peugeot");
INSERT INTO model (name, make_name) VALUES ("406", "Peugeot");
INSERT INTO model (name, make_name) VALUES ("407", "Peugeot");
INSERT INTO model (name, make_name) VALUES ("508", "Peugeot");
INSERT INTO model (name, make_name) VALUES ("Partner", "Peugeot");
INSERT INTO model (name, make_name) VALUES ("RCZ", "Peugeot");

INSERT INTO make (name) VALUES ("Pontiac");
INSERT INTO model (name, make_name) VALUES ("Classic", "Pontiac");
INSERT INTO model (name, make_name) VALUES ("Firebird", "Pontiac");
INSERT INTO model (name, make_name) VALUES ("GTO", "Pontiac");
INSERT INTO model (name, make_name) VALUES ("Trans Am", "Pontiac");

INSERT INTO make (name) VALUES ("Porsche");
INSERT INTO model (name, make_name) VALUES ("911", "Porsche");
INSERT INTO model (name, make_name) VALUES ("928", "Porsche");
INSERT INTO model (name, make_name) VALUES ("968", "Porsche");
INSERT INTO model (name, make_name) VALUES ("986", "Porsche");
INSERT INTO model (name, make_name) VALUES ("Boxster", "Porsche");
INSERT INTO model (name, make_name) VALUES ("Carrera", "Porsche");
INSERT INTO model (name, make_name) VALUES ("Cayenne", "Porsche");
INSERT INTO model (name, make_name) VALUES ("Cayman", "Porsche");
INSERT INTO model (name, make_name) VALUES ("Panamera", "Porsche");

INSERT INTO make (name) VALUES ("Renault");
INSERT INTO model (name, make_name) VALUES ("Clio", "Renault");
INSERT INTO model (name, make_name) VALUES ("Kangoo", "Renault");
INSERT INTO model (name, make_name) VALUES ("Koleos", "Renault");
INSERT INTO model (name, make_name) VALUES ("Laguna", "Renault");
INSERT INTO model (name, make_name) VALUES ("Lutecia", "Renault");
INSERT INTO model (name, make_name) VALUES ("Master", "Renault");
INSERT INTO model (name, make_name) VALUES ("Megane", "Renault");
INSERT INTO model (name, make_name) VALUES ("Scenic", "Renault");

INSERT INTO make (name) VALUES ("Rolls-Royce");
INSERT INTO model (name, make_name) VALUES ("Ghost", "Rolls-Royce");
INSERT INTO model (name, make_name) VALUES ("Phantom", "Rolls-Royce");

INSERT INTO make (name) VALUES ("Rover");
INSERT INTO model (name, make_name) VALUES ("416", "Rover");
INSERT INTO model (name, make_name) VALUES ("75", "Rover");
INSERT INTO model (name, make_name) VALUES ("825", "Rover");
INSERT INTO model (name, make_name) VALUES ("MGF", "Rover");
INSERT INTO model (name, make_name) VALUES ("Sterling", "Rover");

INSERT INTO make (name) VALUES ("Saab");
INSERT INTO model (name, make_name) VALUES ("41707", "Saab");
INSERT INTO model (name, make_name) VALUES ("41768", "Saab");
INSERT INTO model (name, make_name) VALUES ("900", "Saab");
INSERT INTO model (name, make_name) VALUES ("95", "Saab");

INSERT INTO make (name) VALUES ("Seat");
INSERT INTO model (name, make_name) VALUES ("Cordoba", "Seat");

INSERT INTO make (name) VALUES ("Skoda");
INSERT INTO model (name, make_name) VALUES ("Citigo", "Skoda");
INSERT INTO model (name, make_name) VALUES ("Fabia", "Skoda");
INSERT INTO model (name, make_name) VALUES ("Octavia", "Skoda");
INSERT INTO model (name, make_name) VALUES ("Rapid", "Skoda");
INSERT INTO model (name, make_name) VALUES ("Superb", "Skoda");
INSERT INTO model (name, make_name) VALUES ("Yeti", "Skoda");

INSERT INTO make (name) VALUES ("Smart");
INSERT INTO model (name, make_name) VALUES ("Forfour", "Smart");
INSERT INTO model (name, make_name) VALUES ("Fortwo", "Smart");

INSERT INTO make (name) VALUES ("Ssangyong");
INSERT INTO model (name, make_name) VALUES ("Actyon", "Ssangyong");
INSERT INTO model (name, make_name) VALUES ("Chairman", "Ssangyong");
INSERT INTO model (name, make_name) VALUES ("Korando", "Ssangyong");
INSERT INTO model (name, make_name) VALUES ("Kryon", "Ssangyong");
INSERT INTO model (name, make_name) VALUES ("Kyron", "Ssangyong");
INSERT INTO model (name, make_name) VALUES ("Musso", "Ssangyong");
INSERT INTO model (name, make_name) VALUES ("Rexton", "Ssangyong");
INSERT INTO model (name, make_name) VALUES ("Stavic", "Ssangyong");

INSERT INTO make (name) VALUES ("Subaru");
INSERT INTO model (name, make_name) VALUES ("B4", "Subaru");
INSERT INTO model (name, make_name) VALUES ("BRZ", "Subaru");
INSERT INTO model (name, make_name) VALUES ("Exiga", "Subaru");
INSERT INTO model (name, make_name) VALUES ("Forester", "Subaru");
INSERT INTO model (name, make_name) VALUES ("Impreza", "Subaru");
INSERT INTO model (name, make_name) VALUES ("Lancaster", "Subaru");
INSERT INTO model (name, make_name) VALUES ("Legacy", "Subaru");
INSERT INTO model (name, make_name) VALUES ("Outback", "Subaru");
INSERT INTO model (name, make_name) VALUES ("Sambar", "Subaru");
INSERT INTO model (name, make_name) VALUES ("Traviq", "Subaru");
INSERT INTO model (name, make_name) VALUES ("Tribeca", "Subaru");
INSERT INTO model (name, make_name) VALUES ("WRX", "Subaru");
INSERT INTO model (name, make_name) VALUES ("WRX STI", "Subaru");
INSERT INTO model (name, make_name) VALUES ("XV", "Subaru");

INSERT INTO make (name) VALUES ("Suzuki");
INSERT INTO model (name, make_name) VALUES ("Aerio", "Suzuki");
INSERT INTO model (name, make_name) VALUES ("Alto", "Suzuki");
INSERT INTO model (name, make_name) VALUES ("APV", "Suzuki");
INSERT INTO model (name, make_name) VALUES ("Baleno", "Suzuki");
INSERT INTO model (name, make_name) VALUES ("Carry", "Suzuki");
INSERT INTO model (name, make_name) VALUES ("Cultus", "Suzuki");
INSERT INTO model (name, make_name) VALUES ("Escudo", "Suzuki");
INSERT INTO model (name, make_name) VALUES ("Farm Worker", "Suzuki");
INSERT INTO model (name, make_name) VALUES ("Grand Escudo", "Suzuki");
INSERT INTO model (name, make_name) VALUES ("Grand Vitara", "Suzuki");
INSERT INTO model (name, make_name) VALUES ("Ignis", "Suzuki");
INSERT INTO model (name, make_name) VALUES ("Jimny", "Suzuki");
INSERT INTO model (name, make_name) VALUES ("Kizashi", "Suzuki");
INSERT INTO model (name, make_name) VALUES ("Liana", "Suzuki");
INSERT INTO model (name, make_name) VALUES ("SFV650", "Suzuki");
INSERT INTO model (name, make_name) VALUES ("Solio", "Suzuki");
INSERT INTO model (name, make_name) VALUES ("Splash", "Suzuki");
INSERT INTO model (name, make_name) VALUES ("Swift", "Suzuki");
INSERT INTO model (name, make_name) VALUES ("SX 4", "Suzuki");
INSERT INTO model (name, make_name) VALUES ("SX4", "Suzuki");
INSERT INTO model (name, make_name) VALUES ("Vitara", "Suzuki");
INSERT INTO model (name, make_name) VALUES ("Wagon", "Suzuki");

INSERT INTO make (name) VALUES ("Toyota");
INSERT INTO model (name, make_name) VALUES ("86", "Toyota");
INSERT INTO model (name, make_name) VALUES ("Allex", "Toyota");
INSERT INTO model (name, make_name) VALUES ("Allion", "Toyota");
INSERT INTO model (name, make_name) VALUES ("Alphard", "Toyota");
INSERT INTO model (name, make_name) VALUES ("Altezza", "Toyota");
INSERT INTO model (name, make_name) VALUES ("Altise", "Toyota");
INSERT INTO model (name, make_name) VALUES ("Aurion", "Toyota");
INSERT INTO model (name, make_name) VALUES ("Auris", "Toyota");
INSERT INTO model (name, make_name) VALUES ("Avalon", "Toyota");
INSERT INTO model (name, make_name) VALUES ("Avensis", "Toyota");
INSERT INTO model (name, make_name) VALUES ("Axio", "Toyota");
INSERT INTO model (name, make_name) VALUES ("BB", "Toyota");
INSERT INTO model (name, make_name) VALUES ("Belta", "Toyota");
INSERT INTO model (name, make_name) VALUES ("Blade", "Toyota");
INSERT INTO model (name, make_name) VALUES ("Caldina", "Toyota");
INSERT INTO model (name, make_name) VALUES ("Camry", "Toyota");
INSERT INTO model (name, make_name) VALUES ("Carib", "Toyota");
INSERT INTO model (name, make_name) VALUES ("Cavalier", "Toyota");
INSERT INTO model (name, make_name) VALUES ("Celica", "Toyota");
INSERT INTO model (name, make_name) VALUES ("Century", "Toyota");
INSERT INTO model (name, make_name) VALUES ("Ceres", "Toyota");
INSERT INTO model (name, make_name) VALUES ("Corolla", "Toyota");
INSERT INTO model (name, make_name) VALUES ("Corona", "Toyota");
INSERT INTO model (name, make_name) VALUES ("Corsa", "Toyota");
INSERT INTO model (name, make_name) VALUES ("Cresta", "Toyota");
INSERT INTO model (name, make_name) VALUES ("Crown", "Toyota");
INSERT INTO model (name, make_name) VALUES ("Curren", "Toyota");
INSERT INTO model (name, make_name) VALUES ("Cynos", "Toyota");
INSERT INTO model (name, make_name) VALUES ("Duet", "Toyota");
INSERT INTO model (name, make_name) VALUES ("Dyna", "Toyota");
INSERT INTO model (name, make_name) VALUES ("Echo", "Toyota");
INSERT INTO model (name, make_name) VALUES ("Estima", "Toyota");
INSERT INTO model (name, make_name) VALUES ("Fielder", "Toyota");
INSERT INTO model (name, make_name) VALUES ("FJ Cruiser", "Toyota");
INSERT INTO model (name, make_name) VALUES ("FunCargo", "Toyota");
INSERT INTO model (name, make_name) VALUES ("Gaia", "Toyota");
INSERT INTO model (name, make_name) VALUES ("Grand Hiace", "Toyota");
INSERT INTO model (name, make_name) VALUES ("Granvia", "Toyota");
INSERT INTO model (name, make_name) VALUES ("GT", "Toyota");
INSERT INTO model (name, make_name) VALUES ("Harrier", "Toyota");
INSERT INTO model (name, make_name) VALUES ("Hiace", "Toyota");
INSERT INTO model (name, make_name) VALUES ("Highlander", "Toyota");
INSERT INTO model (name, make_name) VALUES ("Hilux", "Toyota");
INSERT INTO model (name, make_name) VALUES ("Ipsum", "Toyota");
INSERT INTO model (name, make_name) VALUES ("IQ", "Toyota");
INSERT INTO model (name, make_name) VALUES ("Isis", "Toyota");
INSERT INTO model (name, make_name) VALUES ("Ist", "Toyota");
INSERT INTO model (name, make_name) VALUES ("Kluger", "Toyota");
INSERT INTO model (name, make_name) VALUES ("Lancer", "Toyota");
INSERT INTO model (name, make_name) VALUES ("Land Cruiser", "Toyota");
INSERT INTO model (name, make_name) VALUES ("Land Cruiser Prado", "Toyota");
INSERT INTO model (name, make_name) VALUES ("Levin", "Toyota");
INSERT INTO model (name, make_name) VALUES ("Liteace", "Toyota");
INSERT INTO model (name, make_name) VALUES ("Lucida", "Toyota");
INSERT INTO model (name, make_name) VALUES ("Luxel", "Toyota");
INSERT INTO model (name, make_name) VALUES ("Mark", "Toyota");
INSERT INTO model (name, make_name) VALUES ("Mark II", "Toyota");
INSERT INTO model (name, make_name) VALUES ("Mark-X", "Toyota");
INSERT INTO model (name, make_name) VALUES ("MR2", "Toyota");
INSERT INTO model (name, make_name) VALUES ("MR-S", "Toyota");
INSERT INTO model (name, make_name) VALUES ("Nadia", "Toyota");
INSERT INTO model (name, make_name) VALUES ("Noah", "Toyota");
INSERT INTO model (name, make_name) VALUES ("Opa", "Toyota");
INSERT INTO model (name, make_name) VALUES ("Paseo", "Toyota");
INSERT INTO model (name, make_name) VALUES ("Passo", "Toyota");
INSERT INTO model (name, make_name) VALUES ("Platz", "Toyota");
INSERT INTO model (name, make_name) VALUES ("Porte", "Toyota");
INSERT INTO model (name, make_name) VALUES ("Premio", "Toyota");
INSERT INTO model (name, make_name) VALUES ("Previa", "Toyota");
INSERT INTO model (name, make_name) VALUES ("Prius", "Toyota");
INSERT INTO model (name, make_name) VALUES ("Probox", "Toyota");
INSERT INTO model (name, make_name) VALUES ("Progress", "Toyota");
INSERT INTO model (name, make_name) VALUES ("Ractis", "Toyota");
INSERT INTO model (name, make_name) VALUES ("Raum", "Toyota");
INSERT INTO model (name, make_name) VALUES ("RAV4", "Toyota");
INSERT INTO model (name, make_name) VALUES ("Regius", "Toyota");
INSERT INTO model (name, make_name) VALUES ("Rumion", "Toyota");
INSERT INTO model (name, make_name) VALUES ("Runx", "Toyota");
INSERT INTO model (name, make_name) VALUES ("Rush", "Toyota");
INSERT INTO model (name, make_name) VALUES ("Scepter", "Toyota");
INSERT INTO model (name, make_name) VALUES ("Seinta", "Toyota");
INSERT INTO model (name, make_name) VALUES ("Sienta", "Toyota");
INSERT INTO model (name, make_name) VALUES ("Soarer", "Toyota");
INSERT INTO model (name, make_name) VALUES ("Spacio", "Toyota");
INSERT INTO model (name, make_name) VALUES ("Sprinter", "Toyota");
INSERT INTO model (name, make_name) VALUES ("Starlet", "Toyota");
INSERT INTO model (name, make_name) VALUES ("Supra", "Toyota");
INSERT INTO model (name, make_name) VALUES ("Surf", "Toyota");
INSERT INTO model (name, make_name) VALUES ("Tercel", "Toyota");
INSERT INTO model (name, make_name) VALUES ("Townace", "Toyota");
INSERT INTO model (name, make_name) VALUES ("Toyoace", "Toyota");
INSERT INTO model (name, make_name) VALUES ("Trueno", "Toyota");
INSERT INTO model (name, make_name) VALUES ("Vanguard", "Toyota");
INSERT INTO model (name, make_name) VALUES ("Verossa", "Toyota");
INSERT INTO model (name, make_name) VALUES ("Vista", "Toyota");
INSERT INTO model (name, make_name) VALUES ("Vitz", "Toyota");
INSERT INTO model (name, make_name) VALUES ("Voltz", "Toyota");
INSERT INTO model (name, make_name) VALUES ("Voxy", "Toyota");
INSERT INTO model (name, make_name) VALUES ("WiLL", "Toyota");
INSERT INTO model (name, make_name) VALUES ("Windom", "Toyota");
INSERT INTO model (name, make_name) VALUES ("Wish", "Toyota");
INSERT INTO model (name, make_name) VALUES ("Yaris", "Toyota"); 

INSERT INTO make (name) VALUES ("Triumph");

INSERT INTO make (name) VALUES ("Vauxhall");
INSERT INTO model (name, make_name) VALUES ("Insignia", "Vauxhall");
INSERT INTO model (name, make_name) VALUES ("Movano", "Vauxhall");
INSERT INTO model (name, make_name) VALUES ("Vivaro", "Vauxhall");

INSERT INTO make (name) VALUES ("Volkswagen");
INSERT INTO model (name, make_name) VALUES ("Amarok", "Volkswagen");
INSERT INTO model (name, make_name) VALUES ("Beetle", "Volkswagen");
INSERT INTO model (name, make_name) VALUES ("Bora", "Volkswagen");
INSERT INTO model (name, make_name) VALUES ("Caddy", "Volkswagen");
INSERT INTO model (name, make_name) VALUES ("Caravelle", "Volkswagen");
INSERT INTO model (name, make_name) VALUES ("CC", "Volkswagen");
INSERT INTO model (name, make_name) VALUES ("Crafter", "Volkswagen");
INSERT INTO model (name, make_name) VALUES ("Cross Polo", "Volkswagen");
INSERT INTO model (name, make_name) VALUES ("Eos", "Volkswagen");
INSERT INTO model (name, make_name) VALUES ("Golf", "Volkswagen");
INSERT INTO model (name, make_name) VALUES ("Jetta", "Volkswagen");
INSERT INTO model (name, make_name) VALUES ("LT46 MWB", "Volkswagen");
INSERT INTO model (name, make_name) VALUES ("Multivan", "Volkswagen");
INSERT INTO model (name, make_name) VALUES ("Passat", "Volkswagen");
INSERT INTO model (name, make_name) VALUES ("Phaeton", "Volkswagen");
INSERT INTO model (name, make_name) VALUES ("Polo", "Volkswagen");
INSERT INTO model (name, make_name) VALUES ("Scirocco", "Volkswagen");
INSERT INTO model (name, make_name) VALUES ("Sharan", "Volkswagen");
INSERT INTO model (name, make_name) VALUES ("T5", "Volkswagen");
INSERT INTO model (name, make_name) VALUES ("Tiguan", "Volkswagen");
INSERT INTO model (name, make_name) VALUES ("Touareg", "Volkswagen");
INSERT INTO model (name, make_name) VALUES ("Touran", "Volkswagen");
INSERT INTO model (name, make_name) VALUES ("Transporter", "Volkswagen");
INSERT INTO model (name, make_name) VALUES ("Vento", "Volkswagen");

INSERT INTO make (name) VALUES ("Volvo");
INSERT INTO model (name, make_name) VALUES ("440", "Volvo");
INSERT INTO model (name, make_name) VALUES ("740", "Volvo");
INSERT INTO model (name, make_name) VALUES ("850", "Volvo");
INSERT INTO model (name, make_name) VALUES ("960", "Volvo");
INSERT INTO model (name, make_name) VALUES ("C30", "Volvo");
INSERT INTO model (name, make_name) VALUES ("C70", "Volvo");
INSERT INTO model (name, make_name) VALUES ("S40", "Volvo");
INSERT INTO model (name, make_name) VALUES ("S60", "Volvo");
INSERT INTO model (name, make_name) VALUES ("S70", "Volvo");
INSERT INTO model (name, make_name) VALUES ("S80", "Volvo");
INSERT INTO model (name, make_name) VALUES ("V30", "Volvo");
INSERT INTO model (name, make_name) VALUES ("V40", "Volvo");
INSERT INTO model (name, make_name) VALUES ("V50", "Volvo");
INSERT INTO model (name, make_name) VALUES ("V60", "Volvo");
INSERT INTO model (name, make_name) VALUES ("V70", "Volvo");
INSERT INTO model (name, make_name) VALUES ("XC60", "Volvo");
INSERT INTO model (name, make_name) VALUES ("XC70", "Volvo");
INSERT INTO model (name, make_name) VALUES ("XC90", "Volvo");
