INSERT INTO customer VALUES ("0211071907", "Bobo","4 Norwood Place, Johnsonville, Wellington","xuanshenbo@hotmail.com");
INSERT INTO vehicle VALUES ("AFK240", "Toyota", "Levin", "0211071907", "2014-10-24");
INSERT INTO tyre (size_, brand, retail_price, cost)  VALUES ("175/40 R17", "GREEN_MAX", 120.00, 80.00);
INSERT INTO invoice (date_in, tel, name, rego, money_in) VALUES ("2014-07-02", "0211071907", "Bobo", "AFK240", 280.30);

INSERT INTO customer VALUES ("02188888", "Sxo","4 Krd Place, Johnsonville, Wellington", "sfsfg@hotmail.com");
INSERT INTO vehicle VALUES ("GWC520","Honda", "Levin", "021568631", "2015-01-20");
INSERT INTO tyre (size_, brand, retail_price, cost) VALUES ("175/40 R15", "LINGLONG", 100.00, 80.00);
INSERT INTO invoice (date_in, tel, name, rego, money_in) VALUES ("2014-07-03", "02158412","Sxs", "GWC520",120.30);

INSERT INTO customer VALUES ("02158412", "Sxo","4 Krd Place, Kelburn, Wellington", "sfsfg@gmail.com");
INSERT INTO vehicle VALUES ("EES832", "Mazda", "Demio", "0213237", "2015-01-21");
INSERT INTO tyre (size_, brand, retail_price, cost) VALUES ("175/40 R14", "LINGLONG", 180.00, 90.00);
INSERT INTO invoice (date_in, tel, name, rego, money_in) VALUES ("2014-07-04", "02723567", "Sxo", "EES832" ,30);
INSERT INTO make (name) VALUES ("Toyota");
INSERT INTO model (name, make_name) VALUES ("86", "Toyota");
INSERT INTO model (name, make_name) VALUES ("Allex", "Toyota");
INSERT INTO model (name, make_name) VALUES ("Allion", "Toyota");
INSERT INTO model (name, make_name) VALUES ("Alphard", "Toyota");
INSERT INTO model (name, make_name) VALUES ("Altezza", "Toyota");
INSERT INTO model (name, make_name) VALUES ("Altise", "Toyota");
INSERT INTO model (name, make_name) VALUES ("Aurion", "Toyota");
INSERT INTO model (name, make_name) VALUES ("Auris", "Toyota");
INSERT INTO model (name, make_name) VALUES ("Avalon", "Toyota");
INSERT INTO model (name, make_name) VALUES ("Avensis", "Toyota");
INSERT INTO model (name, make_name) VALUES ("Axio", "Toyota");
INSERT INTO model (name, make_name) VALUES ("BB", "Toyota");
INSERT INTO model (name, make_name) VALUES ("Belta", "Toyota");
INSERT INTO model (name, make_name) VALUES ("Blade", "Toyota");
INSERT INTO model (name, make_name) VALUES ("Caldina", "Toyota");
INSERT INTO model (name, make_name) VALUES ("Camry", "Toyota");
INSERT INTO model (name, make_name) VALUES ("Carib", "Toyota");
INSERT INTO model (name, make_name) VALUES ("Cavalier", "Toyota");
INSERT INTO model (name, make_name) VALUES ("Celica", "Toyota");
INSERT INTO model (name, make_name) VALUES ("Century", "Toyota");
INSERT INTO model (name, make_name) VALUES ("Ceres", "Toyota");
INSERT INTO model (name, make_name) VALUES ("Corolla", "Toyota");
INSERT INTO model (name, make_name) VALUES ("Corona", "Toyota");
INSERT INTO model (name, make_name) VALUES ("Corsa", "Toyota");
INSERT INTO model (name, make_name) VALUES ("Cresta", "Toyota");
INSERT INTO model (name, make_name) VALUES ("Crown", "Toyota");
INSERT INTO model (name, make_name) VALUES ("Curren", "Toyota");
INSERT INTO model (name, make_name) VALUES ("Cynos", "Toyota");
INSERT INTO model (name, make_name) VALUES ("Duet", "Toyota");
INSERT INTO model (name, make_name) VALUES ("Dyna", "Toyota");
INSERT INTO model (name, make_name) VALUES ("Echo", "Toyota");
INSERT INTO model (name, make_name) VALUES ("Estima", "Toyota");
INSERT INTO model (name, make_name) VALUES ("Fielder", "Toyota");
INSERT INTO model (name, make_name) VALUES ("FJ Cruiser", "Toyota");
INSERT INTO model (name, make_name) VALUES ("FunCargo", "Toyota");
INSERT INTO model (name, make_name) VALUES ("Gaia", "Toyota");
INSERT INTO model (name, make_name) VALUES ("Grand Hiace", "Toyota");
INSERT INTO model (name, make_name) VALUES ("Granvia", "Toyota");
INSERT INTO model (name, make_name) VALUES ("GT", "Toyota");
INSERT INTO model (name, make_name) VALUES ("Harrier", "Toyota");
INSERT INTO model (name, make_name) VALUES ("Hiace", "Toyota");
INSERT INTO model (name, make_name) VALUES ("Highlander", "Toyota");
INSERT INTO model (name, make_name) VALUES ("Hilux", "Toyota");
INSERT INTO model (name, make_name) VALUES ("Ipsum", "Toyota");
INSERT INTO model (name, make_name) VALUES ("IQ", "Toyota");
INSERT INTO model (name, make_name) VALUES ("Isis", "Toyota");
INSERT INTO model (name, make_name) VALUES ("Ist", "Toyota");
INSERT INTO model (name, make_name) VALUES ("Kluger", "Toyota");
INSERT INTO model (name, make_name) VALUES ("Lancer", "Toyota");
INSERT INTO model (name, make_name) VALUES ("Land Cruiser", "Toyota");
INSERT INTO model (name, make_name) VALUES ("Land Cruiser Prado", "Toyota");
INSERT INTO model (name, make_name) VALUES ("Levin", "Toyota");
INSERT INTO model (name, make_name) VALUES ("Liteace", "Toyota");
INSERT INTO model (name, make_name) VALUES ("Lucida", "Toyota");
INSERT INTO model (name, make_name) VALUES ("Luxel", "Toyota");
INSERT INTO model (name, make_name) VALUES ("Mark", "Toyota");
INSERT INTO model (name, make_name) VALUES ("Mark II", "Toyota");
INSERT INTO model (name, make_name) VALUES ("Mark-X", "Toyota");
INSERT INTO model (name, make_name) VALUES ("MR2", "Toyota");
INSERT INTO model (name, make_name) VALUES ("MR-S", "Toyota");
INSERT INTO model (name, make_name) VALUES ("Nadia", "Toyota");
INSERT INTO model (name, make_name) VALUES ("Noah", "Toyota");
INSERT INTO model (name, make_name) VALUES ("Opa", "Toyota");
INSERT INTO model (name, make_name) VALUES ("Paseo", "Toyota");
INSERT INTO model (name, make_name) VALUES ("Passo", "Toyota");
INSERT INTO model (name, make_name) VALUES ("Platz", "Toyota");
INSERT INTO model (name, make_name) VALUES ("Porte", "Toyota");
INSERT INTO model (name, make_name) VALUES ("Premio", "Toyota");
INSERT INTO model (name, make_name) VALUES ("Previa", "Toyota");
INSERT INTO model (name, make_name) VALUES ("Prius", "Toyota");
INSERT INTO model (name, make_name) VALUES ("Probox", "Toyota");
INSERT INTO model (name, make_name) VALUES ("Progress", "Toyota");
INSERT INTO model (name, make_name) VALUES ("Ractis", "Toyota");
INSERT INTO model (name, make_name) VALUES ("Raum", "Toyota");
INSERT INTO model (name, make_name) VALUES ("RAV4", "Toyota");
INSERT INTO model (name, make_name) VALUES ("Regius", "Toyota");
INSERT INTO model (name, make_name) VALUES ("Rumion", "Toyota");
INSERT INTO model (name, make_name) VALUES ("Runx", "Toyota");
INSERT INTO model (name, make_name) VALUES ("Rush", "Toyota");
INSERT INTO model (name, make_name) VALUES ("Scepter", "Toyota");
INSERT INTO model (name, make_name) VALUES ("Seinta", "Toyota");
INSERT INTO model (name, make_name) VALUES ("Sienta", "Toyota");
INSERT INTO model (name, make_name) VALUES ("Soarer", "Toyota");
INSERT INTO model (name, make_name) VALUES ("Spacio", "Toyota");
INSERT INTO model (name, make_name) VALUES ("Sprinter", "Toyota");
INSERT INTO model (name, make_name) VALUES ("Starlet", "Toyota");
INSERT INTO model (name, make_name) VALUES ("Supra", "Toyota");
INSERT INTO model (name, make_name) VALUES ("Surf", "Toyota");
INSERT INTO model (name, make_name) VALUES ("Tercel", "Toyota");
INSERT INTO model (name, make_name) VALUES ("Townace", "Toyota");
INSERT INTO model (name, make_name) VALUES ("Toyoace", "Toyota");
INSERT INTO model (name, make_name) VALUES ("Trueno", "Toyota");
INSERT INTO model (name, make_name) VALUES ("Vanguard", "Toyota");
INSERT INTO model (name, make_name) VALUES ("Verossa", "Toyota");
INSERT INTO model (name, make_name) VALUES ("Vista", "Toyota");
INSERT INTO model (name, make_name) VALUES ("Vitz", "Toyota");
INSERT INTO model (name, make_name) VALUES ("Voltz", "Toyota");
INSERT INTO model (name, make_name) VALUES ("Voxy", "Toyota");
INSERT INTO model (name, make_name) VALUES ("WiLL", "Toyota");
INSERT INTO model (name, make_name) VALUES ("Windom", "Toyota");
INSERT INTO model (name, make_name) VALUES ("Wish", "Toyota");
INSERT INTO model (name, make_name) VALUES ("Yaris", "Toyota"); 

INSERT INTO make (name) VALUES ("Honda");
INSERT INTO model (name, make_name) VALUES ("Accord", "Honda");
INSERT INTO model (name, make_name) VALUES ("Air", "Honda");
INSERT INTO model (name, make_name) VALUES ("Airwave", "Honda");
INSERT INTO model (name, make_name) VALUES ("Avancier", "Honda");
INSERT INTO model (name, make_name) VALUES ("City", "Honda");
INSERT INTO model (name, make_name) VALUES ("Civic", "Honda");
INSERT INTO model (name, make_name) VALUES ("Crossroad", "Honda");
INSERT INTO model (name, make_name) VALUES ("CR-V", "Honda");
INSERT INTO model (name, make_name) VALUES ("CR-Z", "Honda");
INSERT INTO model (name, make_name) VALUES ("EDIX", "Honda");
INSERT INTO model (name, make_name) VALUES ("Elysion", "Honda");
INSERT INTO model (name, make_name) VALUES ("Fit", "Honda");
INSERT INTO model (name, make_name) VALUES ("Freed", "Honda");
INSERT INTO model (name, make_name) VALUES ("Horizon"H, "Honda");
INSERT INTO model (name, make_name) VALUES ("HRV"HRV, "Honda");
INSERT INTO model (name, make_name) VALUES ("Insight", "Honda");
INSERT INTO model (name, make_name) VALUES ("Inspire", "Honda");
INSERT INTO model (name, make_name) VALUES ("Integra", "Honda");
INSERT INTO model (name, make_name) VALUES ("Jazz", "Honda");
INSERT INTO model (name, make_name) VALUES ("Lagreat", "Honda");
INSERT INTO model (name, make_name) VALUES ("Legend", "Honda");
INSERT INTO model (name, make_name) VALUES ("Logo", "Honda");
INSERT INTO model (name, make_name) VALUES ("MDX", "Honda");
INSERT INTO model (name, make_name) VALUES ("Mobilio", "Honda");
INSERT INTO model (name, make_name) VALUES ("Odyssey", "Honda");
INSERT INTO model (name, make_name) VALUES ("Orthia", "Honda");
INSERT INTO model (name, make_name) VALUES ("Prelude", "Honda");
INSERT INTO model (name, make_name) VALUES ("Rafaga", "Honda");
INSERT INTO model (name, make_name) VALUES ("S2000", "Honda");
INSERT INTO model (name, make_name) VALUES ("Saber", "Honda");
INSERT INTO model (name, make_name) VALUES ("Spike", "Honda");
INSERT INTO model (name, make_name) VALUES ("Step Wagon", "Honda");
INSERT INTO model (name, make_name) VALUES ("Stream", "Honda");
INSERT INTO model (name, make_name) VALUES ("Torneo", "Honda");
INSERT INTO model (name, make_name) VALUES ("V6 Accord", "Honda");

INSERT INTO make (name) VALUES ("BMW");
INSERT INTO model (name, make_name) VALUES ("116i", "BMW");
INSERT INTO model (name, make_name) VALUES ("118d", "BMW");
INSERT INTO model (name, make_name) VALUES ("118i", "BMW");
INSERT INTO model (name, make_name) VALUES ("120d", "BMW");
INSERT INTO model (name, make_name) VALUES ("120i", "BMW");
INSERT INTO model (name, make_name) VALUES ("123d", "BMW");
INSERT INTO model (name, make_name) VALUES ("125i", "BMW");
INSERT INTO model (name, make_name) VALUES ("130i", "BMW");
INSERT INTO model (name, make_name) VALUES ("135i", "BMW");
INSERT INTO model (name, make_name) VALUES ("3", "BMW");
INSERT INTO model (name, make_name) VALUES ("316", "BMW");
INSERT INTO model (name, make_name) VALUES ("316i", "BMW");
INSERT INTO model (name, make_name) VALUES ("316ti", "BMW");
INSERT INTO model (name, make_name) VALUES ("318", "BMW");
INSERT INTO model (name, make_name) VALUES ("318ci", "BMW");
INSERT INTO model (name, make_name) VALUES ("318d", "BMW");
INSERT INTO model (name, make_name) VALUES ("318i", "BMW");
INSERT INTO model (name, make_name) VALUES ("318is", "BMW");
INSERT INTO model (name, make_name) VALUES ("318ti", "BMW");
INSERT INTO model (name, make_name) VALUES ("320ci", "BMW");
INSERT INTO model (name, make_name) VALUES ("320d", "BMW");
INSERT INTO model (name, make_name) VALUES ("320i", "BMW");
INSERT INTO model (name, make_name) VALUES ("323", "BMW");
INSERT INTO model (name, make_name) VALUES ("323i", "BMW");
INSERT INTO model (name, make_name) VALUES ("325ci", "BMW");
INSERT INTO model (name, make_name) VALUES ("325i", "BMW");
INSERT INTO model (name, make_name) VALUES ("328", "BMW");
INSERT INTO model (name, make_name) VALUES ("328i", "BMW");
INSERT INTO model (name, make_name) VALUES ("330", "BMW");
INSERT INTO model (name, make_name) VALUES ("330ci", "BMW");
INSERT INTO model (name, make_name) VALUES ("330d", "BMW");
INSERT INTO model (name, make_name) VALUES ("330i", "BMW");
INSERT INTO model (name, make_name) VALUES ("335ci", "BMW");
INSERT INTO model (name, make_name) VALUES ("335d", "BMW");
INSERT INTO model (name, make_name) VALUES ("335i", "BMW");
INSERT INTO model (name, make_name) VALUES ("428i", "BMW");
INSERT INTO model (name, make_name) VALUES ("520d", "BMW");
INSERT INTO model (name, make_name) VALUES ("520i", "BMW");
INSERT INTO model (name, make_name) VALUES ("523", "BMW");
INSERT INTO model (name, make_name) VALUES ("523i", "BMW");
INSERT INTO model (name, make_name) VALUES ("525", "BMW");
INSERT INTO model (name, make_name) VALUES ("525d", "BMW");
INSERT INTO model (name, make_name) VALUES ("525i", "BMW");
INSERT INTO model (name, make_name) VALUES ("528i", "BMW");
INSERT INTO model (name, make_name) VALUES ("530", "BMW");
INSERT INTO model (name, make_name) VALUES ("530d", "BMW");
INSERT INTO model (name, make_name) VALUES ("530i", "BMW");
INSERT INTO model (name, make_name) VALUES ("535", "BMW");
INSERT INTO model (name, make_name) VALUES ("535d", "BMW");
INSERT INTO model (name, make_name) VALUES ("535i", "BMW");
INSERT INTO model (name, make_name) VALUES ("540", "BMW");
INSERT INTO model (name, make_name) VALUES ("540i", "BMW");
INSERT INTO model (name, make_name) VALUES ("545i", "BMW");
INSERT INTO model (name, make_name) VALUES ("550i", "BMW");
INSERT INTO model (name, make_name) VALUES ("630i", "BMW");
INSERT INTO model (name, make_name) VALUES ("640d", "BMW");
INSERT INTO model (name, make_name) VALUES ("645ci", "BMW");
INSERT INTO model (name, make_name) VALUES ("650ci", "BMW");
INSERT INTO model (name, make_name) VALUES ("650i", "BMW");
INSERT INTO model (name, make_name) VALUES ("728i", "BMW");
INSERT INTO model (name, make_name) VALUES ("730D", "BMW");
INSERT INTO model (name, make_name) VALUES ("730i", "BMW");
INSERT INTO model (name, make_name) VALUES ("730LD", "BMW");
INSERT INTO model (name, make_name) VALUES ("735", "BMW");
INSERT INTO model (name, make_name) VALUES ("735i", "BMW");
INSERT INTO model (name, make_name) VALUES ("740", "BMW");
INSERT INTO model (name, make_name) VALUES ("740i", "BMW");
INSERT INTO model (name, make_name) VALUES ("745i", "BMW");
INSERT INTO model (name, make_name) VALUES ("745iL", "BMW");
INSERT INTO model (name, make_name) VALUES ("745Li", "BMW");
INSERT INTO model (name, make_name) VALUES ("750i", "BMW");
INSERT INTO model (name, make_name) VALUES ("750Li", "BMW");
INSERT INTO model (name, make_name) VALUES ("760LI", "BMW");
INSERT INTO model (name, make_name) VALUES ("Compact", "BMW");
INSERT INTO model (name, make_name) VALUES ("M", "BMW");
INSERT INTO model (name, make_name) VALUES ("M1", "BMW");
INSERT INTO model (name, make_name) VALUES ("M3", "BMW");
INSERT INTO model (name, make_name) VALUES ("M5", "BMW");
INSERT INTO model (name, make_name) VALUES ("M6", "BMW");
INSERT INTO model (name, make_name) VALUES ("Mini", "BMW");
INSERT INTO model (name, make_name) VALUES ("Mini Cooper", "BMW");
INSERT INTO model (name, make_name) VALUES ("X1", "BMW");
INSERT INTO model (name, make_name) VALUES ("X3", "BMW");
INSERT INTO model (name, make_name) VALUES ("X5", "BMW");
INSERT INTO model (name, make_name) VALUES ("X6", "BMW");
INSERT INTO model (name, make_name) VALUES ("Z3", "BMW");
INSERT INTO model (name, make_name) VALUES ("Z4", "BMW");
